refund_id,order_id,refund_ts,refund_reason,refund_amount
1,2,2026-01-23 11:34:00,DELAY,80.45
2,6,2026-01-23 23:29:00,DELAY,68.6
3,9,2026-01-23 10:41:00,CUSTOMER_CANCEL,633.27
4,14,2026-01-23 13:14:00,MISSING_ITEM,255.56
5,18,2026-01-23 18:58:00,MISSING_ITEM,260.97
6,31,2026-01-23 10:43:00,DELAY,447.9
7,42,2026-01-23 14:15:00,DELAY,168.89
8,52,2026-01-24 00:13:00,DELAY,339.26
9,71,2026-01-23 16:18:00,DELAY,663.25
10,75,2026-01-23 18:56:00,MISSING_ITEM,295.14
11,79,2026-01-23 20:40:00,CUSTOMER_CANCEL,449.41
12,85,2026-01-23 12:47:00,DELAY,731.67
13,87,2026-01-23 20:23:00,CUSTOMER_CANCEL,651.93
14,94,2026-01-23 21:54:00,DELAY,295.36
15,99,2026-01-23 09:27:00,MISSING_ITEM,256.81
16,103,2026-01-23 14:30:00,DELAY,616.43
17,116,2026-01-23 12:43:00,DELAY,128.0
18,120,2026-01-23 15:49:00,DELAY,210.62
19,122,2026-01-23 14:17:00,MISSING_ITEM,306.28
20,124,2026-01-23 18:56:00,MISSING_ITEM,370.12
21,127,2026-01-23 21:23:00,MISSING_ITEM,286.69
22,132,2026-01-23 18:04:00,DELAY,282.2
23,143,2026-01-23 22:28:00,DELAY,464.35
24,150,2026-01-23 20:54:00,MISSING_ITEM,85.12
25,165,2026-01-23 16:28:00,CUSTOMER_CANCEL,458.78
26,168,2026-01-23 10:59:00,DELAY,152.54
27,171,2026-01-23 12:37:00,DELAY,389.87
28,185,2026-01-23 23:21:00,CUSTOMER_CANCEL,570.13
29,187,2026-01-23 15:48:00,DELAY,210.56
30,198,2026-01-23 20:53:00,DELAY,629.82
31,200,2026-01-23 14:45:00,CUSTOMER_CANCEL,304.74
32,211,2026-01-24 12:25:00,DELAY,378.24
33,212,2026-01-24 16:16:00,MISSING_ITEM,313.6
34,217,2026-01-24 22:06:00,MISSING_ITEM,531.52
35,219,2026-01-24 13:01:00,MISSING_ITEM,73.98
36,226,2026-01-24 13:05:00,CUSTOMER_CANCEL,320.88
37,233,2026-01-24 23:50:00,MISSING_ITEM,367.5
38,239,2026-01-24 22:03:00,DELAY,273.52
39,249,2026-01-24 22:02:00,CUSTOMER_CANCEL,95.76
40,254,2026-01-24 12:10:00,MISSING_ITEM,99.37
41,255,2026-01-24 11:57:00,MISSING_ITEM,367.77
42,258,2026-01-24 12:44:00,CUSTOMER_CANCEL,163.7
43,271,2026-01-24 16:19:00,CUSTOMER_CANCEL,455.52
44,275,2026-01-24 20:50:00,MISSING_ITEM,233.06
45,281,2026-01-24 20:43:00,CUSTOMER_CANCEL,170.85
46,294,2026-01-24 22:04:00,DELAY,436.1
47,296,2026-01-24 23:20:00,MISSING_ITEM,81.37
48,305,2026-01-24 13:48:00,DELAY,615.87
49,313,2026-01-24 11:50:00,CUSTOMER_CANCEL,652.27
50,338,2026-01-25 12:04:00,CUSTOMER_CANCEL,247.53
51,344,2026-01-25 14:35:00,CUSTOMER_CANCEL,156.91
52,346,2026-01-25 18:19:00,MISSING_ITEM,326.18
53,369,2026-01-25 18:37:00,MISSING_ITEM,126.2
54,382,2026-01-25 14:29:00,DELAY,82.0
55,388,2026-01-25 23:33:00,MISSING_ITEM,210.59
56,397,2026-01-26 00:21:00,DELAY,498.67
57,414,2026-01-25 13:49:00,MISSING_ITEM,161.74
58,415,2026-01-25 21:04:00,MISSING_ITEM,236.08
59,417,2026-01-25 10:21:00,MISSING_ITEM,141.0
60,431,2026-01-25 16:14:00,MISSING_ITEM,312.46
61,453,2026-01-25 17:23:00,CUSTOMER_CANCEL,310.54
62,482,2026-01-25 17:11:00,CUSTOMER_CANCEL,655.31
63,487,2026-01-25 16:23:00,MISSING_ITEM,305.58
64,493,2026-01-25 23:43:00,DELAY,181.28
65,499,2026-01-26 16:30:00,MISSING_ITEM,180.57
66,518,2026-01-26 19:41:00,CUSTOMER_CANCEL,276.39
67,536,2026-01-26 13:32:00,CUSTOMER_CANCEL,639.55
68,540,2026-01-27 00:55:00,MISSING_ITEM,286.5
69,543,2026-01-26 22:01:00,CUSTOMER_CANCEL,228.68
70,546,2026-01-26 12:48:00,CUSTOMER_CANCEL,612.39
71,561,2026-01-26 09:43:00,CUSTOMER_CANCEL,358.88
72,566,2026-01-26 16:03:00,MISSING_ITEM,172.62
73,567,2026-01-26 17:32:00,DELAY,507.04
74,581,2026-01-26 16:26:00,MISSING_ITEM,286.62
75,584,2026-01-26 23:03:00,DELAY,145.03
76,594,2026-01-26 10:43:00,CUSTOMER_CANCEL,240.67
77,596,2026-01-26 20:06:00,MISSING_ITEM,124.39
78,600,2026-01-26 09:59:00,CUSTOMER_CANCEL,247.96
79,603,2026-01-26 17:33:00,MISSING_ITEM,249.3
80,613,2026-01-26 19:33:00,MISSING_ITEM,524.82
81,619,2026-01-26 22:35:00,MISSING_ITEM,730.39
82,642,2026-01-27 15:34:00,CUSTOMER_CANCEL,173.23
83,647,2026-01-27 20:15:00,CUSTOMER_CANCEL,386.95
84,649,2026-01-27 18:04:00,MISSING_ITEM,391.73
85,670,2026-01-27 13:31:00,MISSING_ITEM,684.5
86,689,2026-01-28 01:19:00,MISSING_ITEM,563.73
87,699,2026-01-27 18:24:00,CUSTOMER_CANCEL,167.61
88,700,2026-01-27 18:56:00,MISSING_ITEM,70.98
89,702,2026-01-27 22:08:00,MISSING_ITEM,95.29
90,704,2026-01-27 19:34:00,MISSING_ITEM,451.96
91,714,2026-01-27 13:51:00,DELAY,66.33
92,722,2026-01-27 23:33:00,MISSING_ITEM,131.89
93,728,2026-01-27 18:32:00,CUSTOMER_CANCEL,264.84
94,733,2026-01-27 17:13:00,MISSING_ITEM,155.53
95,735,2026-01-27 19:58:00,MISSING_ITEM,737.51
96,737,2026-01-27 22:52:00,DELAY,638.48
97,760,2026-01-27 19:01:00,DELAY,269.6
98,763,2026-01-27 15:48:00,CUSTOMER_CANCEL,177.57
99,765,2026-01-27 21:45:00,DELAY,207.04
100,781,2026-01-27 15:41:00,MISSING_ITEM,282.83
101,786,2026-01-27 12:42:00,CUSTOMER_CANCEL,459.25
102,787,2026-01-27 12:12:00,CUSTOMER_CANCEL,608.58
103,797,2026-01-27 17:28:00,MISSING_ITEM,237.72
104,801,2026-01-27 19:28:00,DELAY,353.56
105,802,2026-01-27 17:52:00,CUSTOMER_CANCEL,236.59
106,809,2026-01-28 09:24:00,CUSTOMER_CANCEL,557.9
107,825,2026-01-28 13:47:00,DELAY,67.65
108,828,2026-01-28 09:07:00,CUSTOMER_CANCEL,256.88
109,836,2026-01-28 14:09:00,MISSING_ITEM,294.57
110,837,2026-01-28 13:36:00,CUSTOMER_CANCEL,206.39
111,842,2026-01-28 11:11:00,MISSING_ITEM,393.48
112,848,2026-01-28 11:56:00,MISSING_ITEM,91.88
113,852,2026-01-28 21:51:00,MISSING_ITEM,163.89
114,853,2026-01-28 09:16:00,CUSTOMER_CANCEL,259.24
115,861,2026-01-28 12:49:00,CUSTOMER_CANCEL,170.77
116,862,2026-01-28 16:27:00,CUSTOMER_CANCEL,337.68
117,869,2026-01-28 16:34:00,MISSING_ITEM,534.2
118,870,2026-01-28 22:14:00,DELAY,184.39
119,871,2026-01-28 11:10:00,DELAY,704.18
120,874,2026-01-28 14:10:00,DELAY,402.19
121,875,2026-01-28 19:00:00,CUSTOMER_CANCEL,200.6
122,883,2026-01-28 12:08:00,CUSTOMER_CANCEL,473.55
123,895,2026-01-29 00:47:00,CUSTOMER_CANCEL,129.56
124,896,2026-01-28 20:19:00,DELAY,473.71
125,900,2026-01-28 19:54:00,MISSING_ITEM,226.81
126,904,2026-01-28 19:20:00,DELAY,204.29
127,908,2026-01-28 23:09:00,CUSTOMER_CANCEL,303.92
128,918,2026-01-28 17:04:00,MISSING_ITEM,265.3
129,921,2026-01-29 00:03:00,DELAY,125.52
130,926,2026-01-28 18:02:00,CUSTOMER_CANCEL,212.82
131,936,2026-01-28 15:14:00,MISSING_ITEM,260.53
132,938,2026-01-28 10:54:00,CUSTOMER_CANCEL,168.43
133,950,2026-01-28 16:07:00,MISSING_ITEM,171.79
134,958,2026-01-28 17:26:00,CUSTOMER_CANCEL,319.67
135,981,2026-01-28 18:51:00,DELAY,329.35
136,996,2026-01-29 22:53:00,DELAY,400.04
137,1018,2026-01-29 20:24:00,CUSTOMER_CANCEL,194.43
138,1022,2026-01-29 10:07:00,MISSING_ITEM,375.22
139,1026,2026-01-29 12:18:00,MISSING_ITEM,248.74
140,1032,2026-01-29 23:26:00,DELAY,142.1
141,1036,2026-01-29 16:46:00,MISSING_ITEM,367.44
142,1038,2026-01-30 01:26:00,DELAY,341.64
143,1040,2026-01-29 11:57:00,CUSTOMER_CANCEL,615.58
144,1046,2026-01-29 21:50:00,CUSTOMER_CANCEL,102.0
145,1048,2026-01-29 12:08:00,DELAY,324.56
146,1053,2026-01-29 22:01:00,MISSING_ITEM,88.96
147,1062,2026-01-29 23:33:00,MISSING_ITEM,135.22
148,1065,2026-01-29 17:59:00,CUSTOMER_CANCEL,417.67
149,1067,2026-01-29 14:26:00,MISSING_ITEM,256.7
150,1076,2026-01-29 15:20:00,DELAY,259.85
151,1077,2026-01-29 23:23:00,MISSING_ITEM,432.08
152,1089,2026-01-29 12:03:00,MISSING_ITEM,124.3
153,1100,2026-01-29 19:15:00,MISSING_ITEM,440.97
154,1101,2026-01-29 13:00:00,MISSING_ITEM,184.41
155,1113,2026-01-29 14:40:00,CUSTOMER_CANCEL,98.76
156,1116,2026-01-29 22:05:00,DELAY,117.41
157,1121,2026-01-29 21:07:00,MISSING_ITEM,172.3
158,1129,2026-01-29 23:28:00,MISSING_ITEM,132.47
159,1131,2026-01-29 20:49:00,DELAY,202.31
160,1136,2026-01-30 19:25:00,CUSTOMER_CANCEL,408.08
161,1138,2026-01-30 16:13:00,CUSTOMER_CANCEL,347.27
162,1139,2026-01-30 17:12:00,MISSING_ITEM,258.92
163,1146,2026-01-30 12:34:00,DELAY,219.68
164,1148,2026-01-30 10:37:00,CUSTOMER_CANCEL,287.28
165,1149,2026-01-30 16:36:00,MISSING_ITEM,66.06
166,1155,2026-01-31 00:20:00,MISSING_ITEM,132.5
167,1158,2026-01-30 18:38:00,DELAY,626.64
168,1161,2026-01-30 22:03:00,MISSING_ITEM,245.28
169,1172,2026-01-30 18:03:00,DELAY,151.49
170,1183,2026-01-30 13:30:00,CUSTOMER_CANCEL,175.12
171,1188,2026-01-30 18:00:00,MISSING_ITEM,108.88
172,1193,2026-01-30 11:03:00,MISSING_ITEM,246.0
173,1202,2026-01-31 00:45:00,DELAY,287.83
174,1207,2026-01-30 13:45:00,CUSTOMER_CANCEL,262.28
175,1220,2026-01-30 19:39:00,DELAY,519.1
176,1223,2026-01-30 19:09:00,CUSTOMER_CANCEL,335.32
177,1226,2026-01-30 19:38:00,MISSING_ITEM,114.27
178,1234,2026-01-30 20:35:00,CUSTOMER_CANCEL,368.57
179,1238,2026-01-30 22:47:00,MISSING_ITEM,354.94
180,1241,2026-01-30 19:26:00,DELAY,162.7
181,1242,2026-01-30 13:32:00,MISSING_ITEM,577.71
182,1244,2026-01-30 18:49:00,CUSTOMER_CANCEL,301.37
183,1255,2026-01-30 22:36:00,MISSING_ITEM,364.76
184,1260,2026-01-30 16:05:00,CUSTOMER_CANCEL,377.11
185,1270,2026-01-30 22:17:00,CUSTOMER_CANCEL,207.84
186,1271,2026-01-30 19:40:00,MISSING_ITEM,92.53
187,1279,2026-01-30 16:34:00,CUSTOMER_CANCEL,512.37
188,1307,2026-01-30 23:30:00,MISSING_ITEM,379.65
189,1322,2026-01-30 22:48:00,CUSTOMER_CANCEL,125.28
190,1326,2026-01-30 14:29:00,DELAY,123.37
191,1328,2026-01-30 23:42:00,DELAY,543.48
192,1338,2026-01-31 17:56:00,CUSTOMER_CANCEL,202.88
193,1340,2026-01-31 20:27:00,DELAY,279.44
194,1342,2026-01-31 13:37:00,DELAY,408.72
195,1347,2026-01-31 17:32:00,MISSING_ITEM,759.48
196,1356,2026-01-31 11:58:00,CUSTOMER_CANCEL,186.66
197,1368,2026-01-31 20:03:00,DELAY,259.05
198,1371,2026-01-31 19:43:00,MISSING_ITEM,76.8
199,1375,2026-01-31 22:46:00,DELAY,528.66
200,1406,2026-01-31 13:25:00,DELAY,367.29
201,1408,2026-01-31 16:37:00,MISSING_ITEM,406.09
202,1409,2026-01-31 10:39:00,MISSING_ITEM,596.51
203,1410,2026-01-31 15:25:00,DELAY,189.74
204,1414,2026-02-01 00:47:00,MISSING_ITEM,115.91
205,1420,2026-01-31 20:58:00,CUSTOMER_CANCEL,258.78
206,1423,2026-01-31 22:08:00,MISSING_ITEM,208.02
207,1425,2026-01-31 18:02:00,MISSING_ITEM,386.66
208,1429,2026-01-31 14:57:00,MISSING_ITEM,130.7
209,1430,2026-01-31 23:00:00,DELAY,454.23
210,1433,2026-01-31 21:28:00,MISSING_ITEM,711.77
211,1443,2026-01-31 16:09:00,DELAY,222.73
212,1445,2026-01-31 19:22:00,CUSTOMER_CANCEL,322.37
213,1447,2026-01-31 22:32:00,DELAY,112.11
214,1451,2026-01-31 23:15:00,CUSTOMER_CANCEL,246.84
215,1468,2026-01-31 13:06:00,CUSTOMER_CANCEL,255.17
216,1479,2026-01-31 13:41:00,CUSTOMER_CANCEL,578.46
217,1486,2026-01-31 13:38:00,DELAY,342.38
218,1489,2026-01-31 13:37:00,CUSTOMER_CANCEL,211.35
219,1490,2026-01-31 11:19:00,CUSTOMER_CANCEL,280.85
220,1497,2026-01-31 23:42:00,DELAY,415.39
221,1519,2026-01-31 10:14:00,DELAY,296.94
222,1544,2026-02-01 11:05:00,DELAY,433.53
223,1552,2026-02-01 15:03:00,DELAY,482.37
224,1558,2026-02-01 22:37:00,CUSTOMER_CANCEL,47.08
225,1574,2026-02-01 13:33:00,DELAY,296.17
226,1582,2026-02-01 23:12:00,MISSING_ITEM,220.54
227,1583,2026-02-01 14:04:00,DELAY,313.61
228,1589,2026-02-01 21:16:00,DELAY,355.12
229,1594,2026-02-01 20:55:00,MISSING_ITEM,198.01
230,1597,2026-02-01 15:40:00,DELAY,176.81
231,1602,2026-02-01 12:35:00,CUSTOMER_CANCEL,464.38
232,1608,2026-02-01 17:26:00,MISSING_ITEM,512.47
233,1609,2026-02-01 13:07:00,DELAY,279.93
234,1615,2026-02-01 15:00:00,MISSING_ITEM,370.97
235,1622,2026-02-01 21:09:00,CUSTOMER_CANCEL,282.4
236,1623,2026-02-01 17:23:00,CUSTOMER_CANCEL,83.1
237,1628,2026-02-01 23:20:00,MISSING_ITEM,391.11
238,1629,2026-02-01 20:16:00,MISSING_ITEM,66.17
239,1632,2026-02-01 17:40:00,DELAY,232.78
240,1636,2026-02-01 14:27:00,DELAY,403.71
241,1646,2026-02-01 22:43:00,MISSING_ITEM,321.92
242,1655,2026-02-01 21:50:00,MISSING_ITEM,192.69
243,1684,2026-02-01 17:28:00,DELAY,410.05
244,1697,2026-02-01 19:48:00,CUSTOMER_CANCEL,298.48
245,1707,2026-02-01 13:46:00,MISSING_ITEM,579.62
246,1716,2026-02-02 21:32:00,CUSTOMER_CANCEL,101.47
247,1730,2026-02-02 13:07:00,MISSING_ITEM,255.43
248,1740,2026-02-02 18:19:00,CUSTOMER_CANCEL,180.74
249,1758,2026-02-02 19:53:00,CUSTOMER_CANCEL,204.4
250,1760,2026-02-02 20:08:00,CUSTOMER_CANCEL,187.28
251,1778,2026-02-02 20:19:00,DELAY,91.25
252,1784,2026-02-02 16:55:00,MISSING_ITEM,269.94
253,1791,2026-02-02 22:56:00,CUSTOMER_CANCEL,181.73
254,1792,2026-02-02 14:51:00,MISSING_ITEM,692.19
255,1793,2026-02-02 13:57:00,CUSTOMER_CANCEL,204.77
256,1803,2026-02-02 21:12:00,DELAY,459.2
257,1823,2026-02-02 15:17:00,DELAY,236.27
258,1834,2026-02-02 19:12:00,DELAY,196.66
259,1846,2026-02-02 20:25:00,MISSING_ITEM,385.65
260,1848,2026-02-02 12:53:00,CUSTOMER_CANCEL,108.96
261,1853,2026-02-02 23:29:00,MISSING_ITEM,313.39
262,1857,2026-02-02 12:02:00,CUSTOMER_CANCEL,511.5
263,1862,2026-02-02 16:29:00,MISSING_ITEM,503.77
264,1874,2026-02-02 12:32:00,CUSTOMER_CANCEL,341.25
265,1876,2026-02-02 17:50:00,DELAY,76.52
266,1878,2026-02-02 18:36:00,CUSTOMER_CANCEL,100.21
267,1884,2026-02-02 10:48:00,MISSING_ITEM,235.68
268,1887,2026-02-02 20:50:00,DELAY,506.75
269,1889,2026-02-02 13:08:00,MISSING_ITEM,77.69
270,1890,2026-02-02 17:23:00,MISSING_ITEM,284.13
271,1891,2026-02-02 13:08:00,MISSING_ITEM,515.76
272,1895,2026-02-02 10:48:00,MISSING_ITEM,165.35
273,1897,2026-02-02 09:27:00,CUSTOMER_CANCEL,546.39
274,1898,2026-02-03 01:32:00,CUSTOMER_CANCEL,413.64
275,1907,2026-02-02 11:35:00,DELAY,221.08
276,1912,2026-02-03 14:27:00,DELAY,398.45
277,1925,2026-02-03 10:37:00,DELAY,237.08
278,1928,2026-02-03 11:10:00,MISSING_ITEM,292.59
279,1929,2026-02-03 21:22:00,CUSTOMER_CANCEL,343.17
280,1933,2026-02-03 14:04:00,DELAY,215.87
281,1934,2026-02-03 13:21:00,MISSING_ITEM,415.55
282,1940,2026-02-03 21:57:00,DELAY,120.2
283,1951,2026-02-03 12:28:00,DELAY,354.39
284,1952,2026-02-03 19:23:00,DELAY,339.82
285,1958,2026-02-03 21:42:00,DELAY,546.66
286,1968,2026-02-03 11:09:00,MISSING_ITEM,401.26
287,1970,2026-02-03 19:23:00,CUSTOMER_CANCEL,348.77
288,1976,2026-02-03 11:30:00,CUSTOMER_CANCEL,174.14
289,1977,2026-02-03 16:10:00,MISSING_ITEM,250.95
290,1982,2026-02-03 14:43:00,DELAY,335.31
291,1986,2026-02-04 00:36:00,CUSTOMER_CANCEL,88.14
292,1992,2026-02-03 15:51:00,MISSING_ITEM,688.0
293,1995,2026-02-03 22:04:00,MISSING_ITEM,387.72
294,2007,2026-02-04 01:39:00,CUSTOMER_CANCEL,276.52
295,2010,2026-02-03 17:50:00,CUSTOMER_CANCEL,252.76
296,2017,2026-02-03 11:11:00,DELAY,188.95
297,2023,2026-02-03 15:14:00,CUSTOMER_CANCEL,288.87
298,2025,2026-02-03 22:10:00,DELAY,328.6
299,2034,2026-02-03 23:45:00,CUSTOMER_CANCEL,239.17
300,2035,2026-02-03 12:14:00,MISSING_ITEM,103.34
301,2037,2026-02-03 13:11:00,DELAY,745.18
302,2041,2026-02-03 22:25:00,CUSTOMER_CANCEL,460.18
303,2045,2026-02-03 19:08:00,MISSING_ITEM,527.03
304,2050,2026-02-03 22:52:00,CUSTOMER_CANCEL,569.27
305,2055,2026-02-03 15:08:00,DELAY,156.34
306,2056,2026-02-04 00:15:00,CUSTOMER_CANCEL,132.1
307,2058,2026-02-03 18:08:00,DELAY,165.1
308,2059,2026-02-03 13:25:00,CUSTOMER_CANCEL,247.5
309,2061,2026-02-03 18:20:00,MISSING_ITEM,207.78
310,2062,2026-02-03 18:42:00,MISSING_ITEM,679.05
311,2070,2026-02-03 11:34:00,MISSING_ITEM,409.1
312,2073,2026-02-03 18:59:00,MISSING_ITEM,402.69
313,2093,2026-02-04 23:33:00,CUSTOMER_CANCEL,237.03
314,2096,2026-02-04 11:51:00,CUSTOMER_CANCEL,125.55
315,2097,2026-02-05 00:26:00,MISSING_ITEM,331.72
316,2106,2026-02-04 18:09:00,CUSTOMER_CANCEL,542.93
317,2107,2026-02-04 15:21:00,MISSING_ITEM,290.93
318,2110,2026-02-04 21:22:00,DELAY,239.0
319,2111,2026-02-05 00:18:00,CUSTOMER_CANCEL,109.55
320,2113,2026-02-04 22:47:00,MISSING_ITEM,229.34
321,2114,2026-02-05 00:12:00,DELAY,169.86
322,2122,2026-02-04 22:42:00,DELAY,258.65
323,2139,2026-02-04 21:13:00,CUSTOMER_CANCEL,313.49
324,2140,2026-02-04 20:58:00,CUSTOMER_CANCEL,332.37
325,2144,2026-02-04 14:56:00,MISSING_ITEM,81.13
326,2147,2026-02-04 18:40:00,MISSING_ITEM,128.04
327,2153,2026-02-04 15:45:00,DELAY,519.25
328,2158,2026-02-04 20:49:00,CUSTOMER_CANCEL,638.68
329,2162,2026-02-04 11:19:00,MISSING_ITEM,177.2
330,2164,2026-02-05 00:32:00,MISSING_ITEM,156.76
331,2166,2026-02-04 21:06:00,CUSTOMER_CANCEL,215.66
332,2173,2026-02-04 12:38:00,DELAY,76.63
333,2180,2026-02-04 12:14:00,MISSING_ITEM,501.16
334,2188,2026-02-04 21:47:00,DELAY,545.32
335,2190,2026-02-04 16:42:00,CUSTOMER_CANCEL,250.76
336,2197,2026-02-04 10:37:00,DELAY,361.06
337,2202,2026-02-04 12:43:00,MISSING_ITEM,248.39
338,2214,2026-02-04 22:53:00,CUSTOMER_CANCEL,267.13
339,2218,2026-02-04 17:32:00,DELAY,108.71
340,2221,2026-02-04 18:16:00,CUSTOMER_CANCEL,93.64
341,2229,2026-02-04 11:20:00,CUSTOMER_CANCEL,266.26
342,2239,2026-02-04 11:16:00,CUSTOMER_CANCEL,300.58
343,2257,2026-02-05 18:14:00,MISSING_ITEM,750.9
344,2258,2026-02-05 22:49:00,MISSING_ITEM,290.01
345,2269,2026-02-05 14:27:00,MISSING_ITEM,175.16
346,2278,2026-02-05 19:12:00,DELAY,172.63
347,2282,2026-02-05 10:18:00,MISSING_ITEM,317.09
348,2288,2026-02-05 22:24:00,MISSING_ITEM,348.94
349,2308,2026-02-05 15:47:00,DELAY,291.1
350,2311,2026-02-06 00:12:00,MISSING_ITEM,415.75
351,2323,2026-02-06 00:03:00,CUSTOMER_CANCEL,315.44
352,2326,2026-02-05 11:08:00,MISSING_ITEM,338.94
353,2333,2026-02-05 17:56:00,CUSTOMER_CANCEL,412.7
354,2336,2026-02-05 13:07:00,MISSING_ITEM,494.58
355,2340,2026-02-05 14:30:00,CUSTOMER_CANCEL,239.95
356,2351,2026-02-05 20:13:00,CUSTOMER_CANCEL,255.06
357,2357,2026-02-05 15:59:00,MISSING_ITEM,317.01
358,2363,2026-02-05 14:58:00,CUSTOMER_CANCEL,278.99
359,2368,2026-02-05 22:59:00,MISSING_ITEM,472.27
360,2369,2026-02-06 00:02:00,DELAY,231.71
361,2374,2026-02-05 13:00:00,MISSING_ITEM,533.75
362,2378,2026-02-05 14:02:00,DELAY,185.72
363,2383,2026-02-05 22:44:00,MISSING_ITEM,175.8
364,2386,2026-02-05 11:22:00,MISSING_ITEM,136.04
365,2391,2026-02-05 16:02:00,DELAY,264.52
366,2395,2026-02-05 20:15:00,DELAY,319.83
367,2396,2026-02-05 17:20:00,MISSING_ITEM,83.62
368,2402,2026-02-05 22:22:00,DELAY,430.75
369,2406,2026-02-05 11:08:00,DELAY,544.62
370,2408,2026-02-05 16:52:00,MISSING_ITEM,198.6
371,2416,2026-02-05 23:33:00,DELAY,128.56
372,2417,2026-02-05 18:19:00,MISSING_ITEM,448.41
373,2418,2026-02-05 15:41:00,DELAY,464.67
374,2421,2026-02-05 16:13:00,CUSTOMER_CANCEL,590.88
375,2444,2026-02-05 20:39:00,CUSTOMER_CANCEL,313.22
376,2446,2026-02-05 10:31:00,DELAY,196.72
377,2448,2026-02-05 12:53:00,MISSING_ITEM,230.67
378,2452,2026-02-05 12:23:00,MISSING_ITEM,368.73
379,2456,2026-02-05 09:49:00,DELAY,149.31
380,2463,2026-02-05 17:52:00,MISSING_ITEM,190.57
381,2472,2026-02-06 16:56:00,DELAY,340.76
382,2473,2026-02-06 17:45:00,CUSTOMER_CANCEL,438.2
383,2486,2026-02-06 22:53:00,CUSTOMER_CANCEL,141.16
384,2501,2026-02-06 10:18:00,DELAY,207.56
385,2514,2026-02-06 23:27:00,MISSING_ITEM,465.75
386,2515,2026-02-06 21:42:00,DELAY,420.42
387,2518,2026-02-06 20:57:00,CUSTOMER_CANCEL,92.89
388,2538,2026-02-06 20:25:00,MISSING_ITEM,158.36
389,2544,2026-02-06 21:30:00,CUSTOMER_CANCEL,295.23
390,2549,2026-02-06 17:33:00,DELAY,109.86
391,2551,2026-02-06 23:40:00,CUSTOMER_CANCEL,169.91
392,2558,2026-02-06 23:07:00,CUSTOMER_CANCEL,73.01
393,2559,2026-02-06 19:25:00,MISSING_ITEM,186.05
394,2566,2026-02-06 16:38:00,MISSING_ITEM,314.46
395,2575,2026-02-06 11:33:00,CUSTOMER_CANCEL,142.63
396,2585,2026-02-06 20:34:00,CUSTOMER_CANCEL,479.13
397,2598,2026-02-06 15:02:00,DELAY,124.49
398,2599,2026-02-06 21:59:00,DELAY,259.21
399,2602,2026-02-06 17:33:00,MISSING_ITEM,392.6
400,2617,2026-02-06 22:14:00,CUSTOMER_CANCEL,365.28
401,2620,2026-02-06 17:50:00,MISSING_ITEM,136.85
402,2639,2026-02-06 13:12:00,MISSING_ITEM,47.81
403,2644,2026-02-07 00:35:00,CUSTOMER_CANCEL,296.28
404,2646,2026-02-06 13:51:00,DELAY,118.79
405,2663,2026-02-07 00:18:00,CUSTOMER_CANCEL,240.96
406,2679,2026-02-07 23:58:00,DELAY,112.83
407,2684,2026-02-07 19:11:00,CUSTOMER_CANCEL,127.39
408,2688,2026-02-07 19:19:00,CUSTOMER_CANCEL,183.2
409,2696,2026-02-07 16:06:00,MISSING_ITEM,230.01
410,2704,2026-02-07 10:18:00,CUSTOMER_CANCEL,303.14
411,2706,2026-02-07 19:53:00,DELAY,504.86
412,2716,2026-02-07 15:23:00,DELAY,509.85
413,2728,2026-02-07 12:03:00,DELAY,255.54
414,2732,2026-02-07 18:32:00,CUSTOMER_CANCEL,555.26
415,2750,2026-02-07 10:55:00,CUSTOMER_CANCEL,302.65
416,2753,2026-02-07 16:22:00,CUSTOMER_CANCEL,250.39
417,2754,2026-02-07 18:10:00,MISSING_ITEM,220.31
418,2775,2026-02-07 12:47:00,DELAY,381.94
419,2788,2026-02-07 23:13:00,CUSTOMER_CANCEL,458.81
420,2816,2026-02-08 22:19:00,CUSTOMER_CANCEL,367.93
421,2822,2026-02-08 22:46:00,CUSTOMER_CANCEL,252.91
422,2832,2026-02-08 14:40:00,DELAY,136.04
423,2840,2026-02-08 13:29:00,CUSTOMER_CANCEL,296.2
424,2846,2026-02-08 20:17:00,MISSING_ITEM,106.11
425,2853,2026-02-08 14:39:00,CUSTOMER_CANCEL,262.35
426,2856,2026-02-08 23:13:00,MISSING_ITEM,72.94
427,2872,2026-02-08 23:01:00,CUSTOMER_CANCEL,463.14
428,2880,2026-02-08 16:43:00,CUSTOMER_CANCEL,299.37
429,2890,2026-02-08 17:52:00,CUSTOMER_CANCEL,502.48
430,2897,2026-02-09 01:31:00,MISSING_ITEM,396.92
431,2904,2026-02-08 19:47:00,DELAY,198.42
432,2906,2026-02-09 01:24:00,DELAY,205.84
433,2907,2026-02-08 10:05:00,DELAY,239.25
434,2913,2026-02-08 12:20:00,MISSING_ITEM,521.54
435,2930,2026-02-08 10:28:00,MISSING_ITEM,589.65
436,2933,2026-02-08 14:09:00,MISSING_ITEM,442.28
437,2937,2026-02-09 00:28:00,DELAY,296.92
438,2942,2026-02-08 17:33:00,DELAY,97.86
439,2950,2026-02-08 15:43:00,MISSING_ITEM,406.79
440,2951,2026-02-08 19:31:00,DELAY,336.21
441,2960,2026-02-08 23:04:00,MISSING_ITEM,351.06
442,2964,2026-02-08 14:30:00,CUSTOMER_CANCEL,692.51
443,2977,2026-02-08 09:47:00,MISSING_ITEM,357.31
444,2993,2026-02-09 15:34:00,MISSING_ITEM,95.29
445,3001,2026-02-09 18:56:00,DELAY,151.47
446,3023,2026-02-09 16:42:00,CUSTOMER_CANCEL,600.13
447,3025,2026-02-09 17:31:00,MISSING_ITEM,464.69
448,3037,2026-02-09 12:15:00,MISSING_ITEM,532.51
449,3039,2026-02-09 13:54:00,CUSTOMER_CANCEL,124.58
450,3042,2026-02-09 23:46:00,CUSTOMER_CANCEL,426.83
451,3043,2026-02-09 09:40:00,DELAY,407.54
452,3059,2026-02-09 21:03:00,CUSTOMER_CANCEL,544.91
453,3064,2026-02-09 10:32:00,DELAY,422.55
454,3077,2026-02-09 23:10:00,CUSTOMER_CANCEL,286.23
455,3078,2026-02-09 22:49:00,MISSING_ITEM,223.81
456,3082,2026-02-09 17:11:00,CUSTOMER_CANCEL,152.22
457,3097,2026-02-09 10:00:00,MISSING_ITEM,407.34
458,3102,2026-02-09 15:35:00,MISSING_ITEM,318.55
459,3115,2026-02-09 23:30:00,CUSTOMER_CANCEL,188.76
460,3117,2026-02-09 16:06:00,DELAY,409.7
461,3118,2026-02-09 22:01:00,DELAY,269.55
462,3122,2026-02-09 19:29:00,MISSING_ITEM,246.02
463,3127,2026-02-09 17:49:00,CUSTOMER_CANCEL,140.17
464,3135,2026-02-10 18:50:00,CUSTOMER_CANCEL,216.5
465,3145,2026-02-10 17:23:00,MISSING_ITEM,244.9
466,3147,2026-02-10 10:58:00,DELAY,474.16
467,3150,2026-02-10 22:41:00,MISSING_ITEM,757.66
468,3165,2026-02-10 20:06:00,CUSTOMER_CANCEL,405.23
469,3180,2026-02-10 13:28:00,DELAY,502.91
470,3182,2026-02-11 00:16:00,MISSING_ITEM,125.42
471,3196,2026-02-10 17:35:00,MISSING_ITEM,72.78
472,3201,2026-02-10 11:19:00,MISSING_ITEM,422.19
473,3206,2026-02-10 18:44:00,CUSTOMER_CANCEL,318.87
474,3213,2026-02-10 15:10:00,DELAY,165.77
475,3215,2026-02-10 15:44:00,DELAY,714.33
476,3220,2026-02-10 10:32:00,DELAY,206.58
477,3232,2026-02-10 17:29:00,CUSTOMER_CANCEL,264.35
478,3234,2026-02-10 13:45:00,CUSTOMER_CANCEL,181.51
479,3242,2026-02-10 14:44:00,MISSING_ITEM,287.73
480,3267,2026-02-10 17:22:00,DELAY,620.24
481,3274,2026-02-10 14:02:00,DELAY,122.24
482,3276,2026-02-11 23:09:00,MISSING_ITEM,271.34
483,3278,2026-02-11 23:54:00,CUSTOMER_CANCEL,557.88
484,3281,2026-02-11 16:34:00,DELAY,125.03
485,3282,2026-02-11 22:03:00,DELAY,565.78
486,3290,2026-02-11 17:08:00,CUSTOMER_CANCEL,341.91
487,3291,2026-02-11 19:04:00,DELAY,89.9
488,3293,2026-02-11 20:29:00,DELAY,442.3
489,3306,2026-02-11 13:58:00,CUSTOMER_CANCEL,405.96
490,3337,2026-02-11 14:33:00,CUSTOMER_CANCEL,521.61
491,3341,2026-02-11 20:25:00,MISSING_ITEM,314.4
492,3346,2026-02-11 22:17:00,DELAY,510.09
493,3359,2026-02-11 14:38:00,MISSING_ITEM,731.58
494,3368,2026-02-11 16:13:00,CUSTOMER_CANCEL,267.1
495,3369,2026-02-11 15:19:00,MISSING_ITEM,233.54
496,3372,2026-02-11 11:31:00,CUSTOMER_CANCEL,510.79
497,3374,2026-02-11 19:59:00,MISSING_ITEM,79.98
498,3375,2026-02-11 11:36:00,CUSTOMER_CANCEL,238.45
499,3395,2026-02-12 00:43:00,MISSING_ITEM,112.41
500,3411,2026-02-11 15:34:00,CUSTOMER_CANCEL,315.44
501,3415,2026-02-11 22:51:00,MISSING_ITEM,178.25
502,3416,2026-02-11 22:50:00,DELAY,357.17
503,3422,2026-02-11 20:36:00,CUSTOMER_CANCEL,121.7
504,3425,2026-02-11 21:52:00,CUSTOMER_CANCEL,492.46
505,3429,2026-02-11 23:43:00,CUSTOMER_CANCEL,153.13
506,3431,2026-02-11 22:10:00,CUSTOMER_CANCEL,595.06
507,3439,2026-02-11 19:40:00,MISSING_ITEM,340.98
508,3442,2026-02-11 13:00:00,MISSING_ITEM,294.17
509,3456,2026-02-11 19:00:00,MISSING_ITEM,165.56
510,3459,2026-02-12 00:44:00,CUSTOMER_CANCEL,360.65
511,3470,2026-02-12 18:58:00,DELAY,395.88
512,3475,2026-02-12 20:39:00,CUSTOMER_CANCEL,377.55
513,3480,2026-02-12 21:42:00,DELAY,556.8
514,3492,2026-02-12 09:44:00,CUSTOMER_CANCEL,166.98
515,3498,2026-02-12 15:53:00,MISSING_ITEM,323.54
516,3499,2026-02-12 19:35:00,MISSING_ITEM,341.03
517,3531,2026-02-12 15:26:00,DELAY,436.49
518,3536,2026-02-12 16:00:00,CUSTOMER_CANCEL,180.99
519,3550,2026-02-12 11:47:00,CUSTOMER_CANCEL,290.37
520,3553,2026-02-12 19:17:00,DELAY,82.15
521,3564,2026-02-12 10:08:00,CUSTOMER_CANCEL,592.27
522,3586,2026-02-12 17:44:00,DELAY,153.26
523,3592,2026-02-12 13:29:00,CUSTOMER_CANCEL,196.84
524,3597,2026-02-12 23:17:00,CUSTOMER_CANCEL,340.01
525,3600,2026-02-12 21:38:00,MISSING_ITEM,60.38
526,3601,2026-02-12 17:55:00,CUSTOMER_CANCEL,147.05
527,3604,2026-02-12 22:34:00,DELAY,501.03
528,3614,2026-02-12 14:47:00,MISSING_ITEM,350.98
529,3618,2026-02-12 22:35:00,CUSTOMER_CANCEL,73.74
530,3624,2026-02-12 18:02:00,MISSING_ITEM,187.08
531,3644,2026-02-12 20:55:00,DELAY,477.08
532,3649,2026-02-12 18:38:00,CUSTOMER_CANCEL,286.37
533,3654,2026-02-12 23:27:00,MISSING_ITEM,470.91
534,3656,2026-02-12 17:54:00,CUSTOMER_CANCEL,274.53
535,3665,2026-02-13 23:19:00,CUSTOMER_CANCEL,274.44
536,3672,2026-02-13 12:52:00,CUSTOMER_CANCEL,365.32
537,3675,2026-02-13 21:07:00,MISSING_ITEM,273.46
538,3676,2026-02-13 17:29:00,DELAY,295.35
539,3683,2026-02-13 23:08:00,MISSING_ITEM,437.61
540,3686,2026-02-13 11:23:00,MISSING_ITEM,262.14
541,3689,2026-02-13 16:27:00,DELAY,253.09
542,3691,2026-02-13 23:12:00,DELAY,212.27
543,3697,2026-02-13 10:14:00,CUSTOMER_CANCEL,440.51
544,3699,2026-02-13 09:53:00,CUSTOMER_CANCEL,372.61
545,3701,2026-02-13 10:50:00,CUSTOMER_CANCEL,363.49
546,3706,2026-02-13 14:27:00,MISSING_ITEM,188.86
547,3716,2026-02-13 11:05:00,CUSTOMER_CANCEL,277.02
548,3719,2026-02-13 20:45:00,DELAY,448.34
549,3720,2026-02-13 12:02:00,DELAY,469.65
550,3721,2026-02-13 15:21:00,DELAY,587.01
551,3722,2026-02-13 20:05:00,MISSING_ITEM,249.21
552,3737,2026-02-13 11:40:00,MISSING_ITEM,288.59
553,3752,2026-02-13 11:03:00,MISSING_ITEM,159.93
554,3757,2026-02-13 11:12:00,CUSTOMER_CANCEL,95.67
555,3778,2026-02-13 18:05:00,CUSTOMER_CANCEL,69.42
556,3784,2026-02-13 14:48:00,CUSTOMER_CANCEL,521.75
557,3789,2026-02-13 22:27:00,CUSTOMER_CANCEL,736.15
558,3812,2026-02-14 19:36:00,DELAY,349.04
559,3834,2026-02-14 22:06:00,DELAY,564.21
560,3839,2026-02-14 16:18:00,CUSTOMER_CANCEL,186.44
561,3859,2026-02-15 01:15:00,DELAY,645.8
562,3860,2026-02-14 18:58:00,MISSING_ITEM,519.78
563,3862,2026-02-14 22:47:00,CUSTOMER_CANCEL,375.31
564,3865,2026-02-14 13:32:00,MISSING_ITEM,599.57
565,3869,2026-02-14 19:00:00,MISSING_ITEM,326.32
566,3887,2026-02-14 16:32:00,CUSTOMER_CANCEL,217.88
567,3888,2026-02-14 17:54:00,CUSTOMER_CANCEL,233.3
568,3891,2026-02-14 11:01:00,CUSTOMER_CANCEL,169.37
569,3900,2026-02-14 13:26:00,CUSTOMER_CANCEL,393.6
570,3914,2026-02-14 22:48:00,MISSING_ITEM,285.6
571,3922,2026-02-14 12:15:00,MISSING_ITEM,211.96
572,3927,2026-02-14 19:31:00,MISSING_ITEM,297.85
573,3944,2026-02-14 21:29:00,DELAY,235.69
574,3951,2026-02-14 12:14:00,CUSTOMER_CANCEL,270.73
575,3957,2026-02-14 23:28:00,CUSTOMER_CANCEL,222.38
576,3973,2026-02-14 19:29:00,MISSING_ITEM,301.08
577,3978,2026-02-14 19:25:00,DELAY,437.66
578,3980,2026-02-14 15:59:00,DELAY,448.26
579,3982,2026-02-14 23:23:00,DELAY,351.4
580,3983,2026-02-14 21:47:00,MISSING_ITEM,537.83
581,3985,2026-02-14 18:37:00,CUSTOMER_CANCEL,102.68
582,3986,2026-02-14 15:22:00,MISSING_ITEM,433.58
583,3990,2026-02-14 22:08:00,MISSING_ITEM,199.12
584,3995,2026-02-14 10:53:00,CUSTOMER_CANCEL,237.78
585,4002,2026-02-15 19:20:00,MISSING_ITEM,695.5
586,4003,2026-02-15 23:32:00,MISSING_ITEM,316.52
587,4006,2026-02-15 15:59:00,MISSING_ITEM,478.79
588,4011,2026-02-15 17:13:00,DELAY,219.42
589,4012,2026-02-15 08:54:00,CUSTOMER_CANCEL,501.64
590,4021,2026-02-15 20:35:00,CUSTOMER_CANCEL,177.66
591,4022,2026-02-15 15:29:00,CUSTOMER_CANCEL,106.4
592,4027,2026-02-16 00:30:00,DELAY,578.52
593,4030,2026-02-15 11:21:00,CUSTOMER_CANCEL,370.72
594,4031,2026-02-15 22:49:00,MISSING_ITEM,248.13
595,4033,2026-02-15 23:19:00,DELAY,397.12
596,4035,2026-02-15 17:59:00,CUSTOMER_CANCEL,191.33
597,4045,2026-02-15 12:56:00,CUSTOMER_CANCEL,159.55
598,4047,2026-02-15 18:03:00,MISSING_ITEM,248.08
599,4053,2026-02-16 01:15:00,DELAY,592.66
600,4055,2026-02-15 14:57:00,DELAY,207.54
601,4062,2026-02-15 17:30:00,CUSTOMER_CANCEL,123.0
602,4070,2026-02-15 20:49:00,DELAY,374.19
603,4082,2026-02-15 16:16:00,CUSTOMER_CANCEL,164.05
604,4088,2026-02-15 21:32:00,MISSING_ITEM,361.66
605,4093,2026-02-15 09:24:00,DELAY,460.85
606,4095,2026-02-15 20:14:00,DELAY,263.59
607,4104,2026-02-15 16:55:00,MISSING_ITEM,333.67
608,4106,2026-02-15 23:28:00,MISSING_ITEM,116.24
609,4107,2026-02-16 01:33:00,MISSING_ITEM,225.32
610,4108,2026-02-15 13:17:00,MISSING_ITEM,199.5
611,4110,2026-02-15 19:59:00,DELAY,152.64
612,4123,2026-02-15 21:10:00,DELAY,410.18
613,4134,2026-02-15 23:04:00,DELAY,316.62
614,4135,2026-02-15 18:05:00,CUSTOMER_CANCEL,279.11
615,4136,2026-02-16 00:19:00,CUSTOMER_CANCEL,209.78
616,4141,2026-02-15 17:15:00,DELAY,198.16
617,4145,2026-02-15 15:15:00,MISSING_ITEM,131.19
618,4148,2026-02-15 13:57:00,DELAY,495.88
619,4156,2026-02-15 23:21:00,MISSING_ITEM,375.73
620,4163,2026-02-15 10:07:00,DELAY,594.95
621,4167,2026-02-15 22:46:00,CUSTOMER_CANCEL,414.14
622,4168,2026-02-15 19:40:00,CUSTOMER_CANCEL,244.76
623,4172,2026-02-15 22:23:00,DELAY,353.15
624,4184,2026-02-15 21:50:00,MISSING_ITEM,109.39
625,4199,2026-02-15 11:10:00,MISSING_ITEM,165.24
626,4201,2026-02-16 20:07:00,CUSTOMER_CANCEL,176.24
627,4202,2026-02-16 18:48:00,CUSTOMER_CANCEL,685.94
628,4204,2026-02-16 22:41:00,CUSTOMER_CANCEL,547.1
629,4209,2026-02-16 18:42:00,DELAY,117.88
630,4229,2026-02-16 13:02:00,DELAY,189.49
631,4239,2026-02-16 17:34:00,MISSING_ITEM,197.4
632,4243,2026-02-16 13:44:00,DELAY,715.19
633,4251,2026-02-16 10:39:00,DELAY,662.54
634,4252,2026-02-16 23:02:00,MISSING_ITEM,552.69
635,4264,2026-02-17 01:38:00,DELAY,633.23
636,4266,2026-02-16 11:31:00,DELAY,369.16
637,4268,2026-02-16 12:23:00,DELAY,136.13
638,4273,2026-02-17 00:10:00,CUSTOMER_CANCEL,698.87
639,4275,2026-02-17 01:10:00,MISSING_ITEM,242.63
640,4281,2026-02-17 00:16:00,MISSING_ITEM,331.97
641,4282,2026-02-16 11:21:00,MISSING_ITEM,197.26
642,4284,2026-02-16 20:35:00,MISSING_ITEM,125.49
643,4291,2026-02-16 13:37:00,MISSING_ITEM,226.18
644,4295,2026-02-16 18:11:00,MISSING_ITEM,231.14
645,4317,2026-02-16 11:54:00,MISSING_ITEM,466.18
646,4320,2026-02-16 14:37:00,DELAY,391.67
647,4331,2026-02-16 18:29:00,DELAY,236.7
648,4332,2026-02-16 10:45:00,DELAY,656.38
649,4334,2026-02-16 19:40:00,MISSING_ITEM,175.45
650,4335,2026-02-16 18:37:00,DELAY,502.28
651,4339,2026-02-16 13:23:00,MISSING_ITEM,146.4
652,4345,2026-02-16 11:54:00,DELAY,616.09
653,4346,2026-02-16 16:42:00,MISSING_ITEM,313.13
654,4363,2026-02-16 17:31:00,MISSING_ITEM,403.21
655,4366,2026-02-17 12:14:00,CUSTOMER_CANCEL,640.95
656,4372,2026-02-17 19:11:00,DELAY,203.14
657,4379,2026-02-17 09:00:00,MISSING_ITEM,462.64
658,4380,2026-02-17 11:40:00,CUSTOMER_CANCEL,73.7
659,4382,2026-02-17 10:14:00,DELAY,692.79
660,4383,2026-02-17 13:56:00,DELAY,562.18
661,4389,2026-02-17 15:22:00,MISSING_ITEM,359.75
662,4395,2026-02-17 11:15:00,CUSTOMER_CANCEL,404.02
663,4401,2026-02-17 11:00:00,CUSTOMER_CANCEL,282.12
664,4406,2026-02-18 00:27:00,MISSING_ITEM,675.32
665,4409,2026-02-17 10:55:00,DELAY,277.64
666,4415,2026-02-17 15:30:00,MISSING_ITEM,272.38
667,4429,2026-02-17 17:17:00,MISSING_ITEM,397.38
668,4432,2026-02-17 16:22:00,CUSTOMER_CANCEL,379.71
669,4434,2026-02-17 22:39:00,DELAY,149.27
670,4438,2026-02-17 13:02:00,MISSING_ITEM,164.09
671,4450,2026-02-17 14:08:00,MISSING_ITEM,153.57
672,4454,2026-02-17 19:05:00,MISSING_ITEM,138.69
673,4461,2026-02-17 21:27:00,CUSTOMER_CANCEL,210.94
674,4472,2026-02-17 14:54:00,DELAY,317.46
675,4477,2026-02-17 13:25:00,DELAY,486.24
676,4479,2026-02-17 13:04:00,DELAY,216.77
677,4487,2026-02-18 13:30:00,MISSING_ITEM,502.67
678,4492,2026-02-18 16:07:00,MISSING_ITEM,307.02
679,4495,2026-02-18 12:36:00,MISSING_ITEM,252.73
680,4504,2026-02-18 12:43:00,DELAY,101.74
681,4505,2026-02-18 12:41:00,CUSTOMER_CANCEL,148.79
682,4517,2026-02-18 11:43:00,CUSTOMER_CANCEL,303.45
683,4526,2026-02-18 18:17:00,MISSING_ITEM,172.54
684,4527,2026-02-18 19:14:00,CUSTOMER_CANCEL,137.77
685,4529,2026-02-18 16:47:00,MISSING_ITEM,145.68
686,4530,2026-02-18 13:22:00,DELAY,266.91
687,4532,2026-02-18 20:47:00,MISSING_ITEM,301.34
688,4541,2026-02-18 11:07:00,CUSTOMER_CANCEL,401.26
689,4553,2026-02-18 20:58:00,DELAY,315.2
690,4569,2026-02-18 09:57:00,MISSING_ITEM,78.16
691,4574,2026-02-18 10:45:00,DELAY,267.09
692,4582,2026-02-18 22:18:00,MISSING_ITEM,353.13
693,4588,2026-02-18 12:03:00,CUSTOMER_CANCEL,283.93
694,4598,2026-02-18 19:40:00,CUSTOMER_CANCEL,208.4
695,4604,2026-02-18 16:30:00,MISSING_ITEM,686.89
696,4607,2026-02-18 13:05:00,DELAY,159.12
697,4617,2026-02-18 21:19:00,CUSTOMER_CANCEL,298.54
698,4619,2026-02-18 16:36:00,MISSING_ITEM,95.08
699,4624,2026-02-18 19:02:00,MISSING_ITEM,225.63
700,4625,2026-02-18 23:49:00,MISSING_ITEM,440.86
701,4638,2026-02-18 13:48:00,MISSING_ITEM,337.01
702,4643,2026-02-18 20:15:00,CUSTOMER_CANCEL,403.24
703,4644,2026-02-19 00:51:00,CUSTOMER_CANCEL,328.23
704,4647,2026-02-18 09:55:00,DELAY,183.63
705,4650,2026-02-18 18:37:00,MISSING_ITEM,333.36
706,4652,2026-02-18 19:44:00,CUSTOMER_CANCEL,195.45
707,4685,2026-02-19 12:37:00,CUSTOMER_CANCEL,204.49
708,4686,2026-02-20 01:27:00,MISSING_ITEM,442.08
709,4704,2026-02-19 19:17:00,MISSING_ITEM,165.53
710,4709,2026-02-19 18:12:00,CUSTOMER_CANCEL,594.25
711,4715,2026-02-19 18:40:00,DELAY,83.11
712,4723,2026-02-19 21:00:00,MISSING_ITEM,232.02
713,4726,2026-02-19 15:19:00,MISSING_ITEM,268.45
714,4731,2026-02-19 18:57:00,MISSING_ITEM,185.99
715,4732,2026-02-19 15:49:00,MISSING_ITEM,340.3
716,4751,2026-02-19 10:40:00,DELAY,265.46
717,4752,2026-02-19 23:49:00,MISSING_ITEM,149.51
718,4756,2026-02-19 16:45:00,CUSTOMER_CANCEL,579.5
719,4761,2026-02-19 19:20:00,MISSING_ITEM,331.92
720,4773,2026-02-19 17:08:00,MISSING_ITEM,562.03
721,4774,2026-02-19 20:19:00,CUSTOMER_CANCEL,267.44
722,4776,2026-02-19 11:59:00,DELAY,300.48
723,4784,2026-02-19 11:32:00,CUSTOMER_CANCEL,82.67
724,4788,2026-02-19 17:27:00,MISSING_ITEM,155.6
725,4790,2026-02-19 20:44:00,CUSTOMER_CANCEL,380.12
726,4796,2026-02-19 22:10:00,MISSING_ITEM,299.35
727,4800,2026-02-19 20:51:00,CUSTOMER_CANCEL,398.87
728,4804,2026-02-19 18:09:00,CUSTOMER_CANCEL,256.66
729,4810,2026-02-19 19:01:00,CUSTOMER_CANCEL,607.56
730,4813,2026-02-19 14:23:00,MISSING_ITEM,342.86
731,4820,2026-02-21 01:00:00,MISSING_ITEM,303.15
732,4839,2026-02-20 12:23:00,DELAY,124.15
733,4841,2026-02-20 22:33:00,MISSING_ITEM,369.86
734,4851,2026-02-20 22:16:00,DELAY,222.59
735,4853,2026-02-20 22:18:00,DELAY,213.39
736,4867,2026-02-20 21:17:00,DELAY,176.57
737,4871,2026-02-20 15:40:00,CUSTOMER_CANCEL,189.23
738,4876,2026-02-20 16:37:00,MISSING_ITEM,296.01
739,4877,2026-02-20 10:01:00,CUSTOMER_CANCEL,321.48
740,4886,2026-02-20 19:28:00,CUSTOMER_CANCEL,158.42
741,4893,2026-02-20 16:10:00,CUSTOMER_CANCEL,163.92
742,4899,2026-02-20 22:21:00,MISSING_ITEM,302.35
743,4904,2026-02-20 11:30:00,MISSING_ITEM,410.63
744,4905,2026-02-20 23:28:00,MISSING_ITEM,373.68
745,4914,2026-02-20 15:02:00,MISSING_ITEM,150.1
746,4926,2026-02-20 21:07:00,MISSING_ITEM,168.65
747,4927,2026-02-20 16:52:00,MISSING_ITEM,564.82
748,4930,2026-02-20 13:52:00,MISSING_ITEM,248.02
749,4935,2026-02-20 21:05:00,DELAY,376.29
750,4937,2026-02-20 17:44:00,MISSING_ITEM,213.21
751,4946,2026-02-20 15:53:00,MISSING_ITEM,673.64
752,4954,2026-02-20 21:20:00,DELAY,331.43
753,4963,2026-02-20 19:38:00,DELAY,237.71
754,4964,2026-02-20 18:03:00,MISSING_ITEM,209.24
755,4966,2026-02-20 12:26:00,CUSTOMER_CANCEL,401.83
756,4976,2026-02-20 14:09:00,MISSING_ITEM,313.52
757,4986,2026-02-21 17:37:00,DELAY,380.34
758,4989,2026-02-21 14:51:00,DELAY,501.71
759,5005,2026-02-21 21:09:00,DELAY,109.33
760,5015,2026-02-22 01:45:00,CUSTOMER_CANCEL,400.27
761,5025,2026-02-21 17:51:00,DELAY,495.01
762,5034,2026-02-21 13:07:00,CUSTOMER_CANCEL,466.4
763,5057,2026-02-21 21:07:00,DELAY,538.41
764,5058,2026-02-21 17:26:00,MISSING_ITEM,619.52
765,5060,2026-02-22 01:24:00,CUSTOMER_CANCEL,298.01
766,5071,2026-02-21 15:40:00,MISSING_ITEM,295.96
767,5072,2026-02-21 16:24:00,DELAY,516.91
768,5075,2026-02-21 22:59:00,MISSING_ITEM,662.54
769,5077,2026-02-21 14:30:00,MISSING_ITEM,108.2
770,5079,2026-02-21 20:17:00,MISSING_ITEM,247.89
771,5084,2026-02-21 16:50:00,MISSING_ITEM,83.04
772,5089,2026-02-21 23:24:00,DELAY,100.27
773,5121,2026-02-21 20:57:00,CUSTOMER_CANCEL,144.37
774,5128,2026-02-21 14:19:00,DELAY,312.81
775,5134,2026-02-22 22:41:00,MISSING_ITEM,560.27
776,5140,2026-02-22 17:31:00,MISSING_ITEM,405.94
777,5141,2026-02-22 21:11:00,MISSING_ITEM,233.62
778,5142,2026-02-22 23:38:00,DELAY,497.44
779,5148,2026-02-22 18:39:00,DELAY,197.57
780,5154,2026-02-22 22:03:00,CUSTOMER_CANCEL,115.93
781,5159,2026-02-22 17:27:00,CUSTOMER_CANCEL,103.47
782,5173,2026-02-22 16:56:00,DELAY,297.21
783,5181,2026-02-22 23:04:00,CUSTOMER_CANCEL,188.71
784,5184,2026-02-22 14:13:00,MISSING_ITEM,119.78
785,5191,2026-02-22 20:35:00,MISSING_ITEM,284.08
786,5192,2026-02-22 20:21:00,CUSTOMER_CANCEL,440.23
787,5209,2026-02-22 14:45:00,DELAY,370.69
788,5211,2026-02-22 20:42:00,MISSING_ITEM,477.99
789,5216,2026-02-22 16:37:00,CUSTOMER_CANCEL,202.7
790,5218,2026-02-23 00:00:00,MISSING_ITEM,422.03
791,5223,2026-02-22 10:21:00,MISSING_ITEM,494.47
792,5224,2026-02-22 19:08:00,CUSTOMER_CANCEL,458.1
793,5227,2026-02-22 17:37:00,DELAY,554.23
794,5246,2026-02-22 15:43:00,DELAY,440.71
795,5263,2026-02-22 13:02:00,MISSING_ITEM,333.04
796,5274,2026-02-23 16:18:00,CUSTOMER_CANCEL,193.59
797,5283,2026-02-23 10:56:00,MISSING_ITEM,122.26
798,5289,2026-02-23 12:18:00,DELAY,461.91
799,5293,2026-02-23 23:35:00,CUSTOMER_CANCEL,522.83
800,5295,2026-02-23 09:34:00,MISSING_ITEM,543.07
801,5298,2026-02-23 15:13:00,MISSING_ITEM,273.16
802,5299,2026-02-23 11:06:00,CUSTOMER_CANCEL,222.57
803,5300,2026-02-23 21:49:00,MISSING_ITEM,248.46
804,5311,2026-02-23 13:56:00,MISSING_ITEM,295.0
805,5313,2026-02-23 11:00:00,DELAY,307.1
806,5317,2026-02-23 20:10:00,MISSING_ITEM,337.44
807,5321,2026-02-23 15:42:00,MISSING_ITEM,81.42
808,5328,2026-02-23 21:00:00,MISSING_ITEM,129.47
809,5333,2026-02-23 18:28:00,CUSTOMER_CANCEL,241.64
810,5353,2026-02-23 16:40:00,CUSTOMER_CANCEL,627.79
811,5366,2026-02-23 11:36:00,DELAY,277.05
812,5371,2026-02-23 16:33:00,MISSING_ITEM,192.86
813,5378,2026-02-23 16:43:00,DELAY,486.45
814,5380,2026-02-24 00:05:00,DELAY,214.78
815,5390,2026-02-23 15:28:00,DELAY,658.38
816,5398,2026-02-23 19:46:00,MISSING_ITEM,497.32
817,5401,2026-02-23 11:03:00,CUSTOMER_CANCEL,603.13
818,5405,2026-02-23 22:45:00,CUSTOMER_CANCEL,199.01
819,5406,2026-02-23 14:33:00,CUSTOMER_CANCEL,282.41
820,5430,2026-02-23 17:41:00,CUSTOMER_CANCEL,133.67
821,5445,2026-02-24 10:54:00,CUSTOMER_CANCEL,334.6
822,5446,2026-02-24 19:07:00,DELAY,411.66
823,5447,2026-02-24 12:56:00,DELAY,210.89
824,5456,2026-02-25 01:28:00,DELAY,672.35
825,5464,2026-02-24 16:58:00,DELAY,570.91
826,5475,2026-02-24 13:48:00,CUSTOMER_CANCEL,365.7
827,5479,2026-02-24 10:01:00,DELAY,363.61
828,5493,2026-02-24 20:47:00,MISSING_ITEM,197.14
829,5501,2026-02-24 15:22:00,DELAY,258.28
830,5511,2026-02-24 12:02:00,MISSING_ITEM,116.32
831,5515,2026-02-24 20:45:00,DELAY,309.72
832,5520,2026-02-24 12:53:00,CUSTOMER_CANCEL,250.06
833,5521,2026-02-24 14:03:00,DELAY,261.73
834,5541,2026-02-24 19:05:00,MISSING_ITEM,316.68
835,5555,2026-02-24 18:00:00,DELAY,316.6
836,5567,2026-02-24 22:36:00,MISSING_ITEM,512.74
837,5571,2026-02-24 09:42:00,CUSTOMER_CANCEL,117.75
838,5577,2026-02-24 12:16:00,DELAY,97.45
839,5581,2026-02-24 22:19:00,CUSTOMER_CANCEL,272.69
840,5583,2026-02-25 21:10:00,DELAY,519.96
841,5587,2026-02-25 23:55:00,CUSTOMER_CANCEL,165.73
842,5593,2026-02-25 22:26:00,CUSTOMER_CANCEL,164.71
843,5594,2026-02-25 21:25:00,CUSTOMER_CANCEL,201.2
844,5596,2026-02-25 11:37:00,CUSTOMER_CANCEL,453.32
845,5597,2026-02-25 16:36:00,DELAY,348.79
846,5600,2026-02-25 14:01:00,DELAY,198.16
847,5611,2026-02-26 00:15:00,CUSTOMER_CANCEL,290.7
848,5616,2026-02-25 21:21:00,MISSING_ITEM,100.38
849,5622,2026-02-26 00:39:00,MISSING_ITEM,127.09
850,5623,2026-02-25 15:18:00,CUSTOMER_CANCEL,419.17
851,5631,2026-02-25 11:22:00,CUSTOMER_CANCEL,370.49
852,5635,2026-02-25 20:42:00,CUSTOMER_CANCEL,321.22
853,5654,2026-02-25 15:12:00,DELAY,511.32
854,5657,2026-02-25 21:25:00,MISSING_ITEM,246.35
855,5658,2026-02-26 00:22:00,DELAY,257.47
856,5663,2026-02-25 21:37:00,DELAY,417.5
857,5674,2026-02-25 22:08:00,DELAY,181.27
858,5675,2026-02-25 18:59:00,DELAY,697.66
859,5676,2026-02-25 22:04:00,DELAY,209.09
860,5678,2026-02-25 11:55:00,CUSTOMER_CANCEL,394.91
861,5700,2026-02-25 20:02:00,DELAY,395.39
862,5712,2026-02-25 12:06:00,MISSING_ITEM,527.7
863,5722,2026-02-25 09:40:00,CUSTOMER_CANCEL,278.93
864,5732,2026-02-25 19:52:00,CUSTOMER_CANCEL,262.79
865,5738,2026-02-25 12:09:00,MISSING_ITEM,84.16
866,5740,2026-02-25 14:02:00,CUSTOMER_CANCEL,363.37
867,5742,2026-02-25 15:33:00,MISSING_ITEM,560.55
868,5759,2026-02-26 10:42:00,MISSING_ITEM,588.8
869,5766,2026-02-26 18:56:00,MISSING_ITEM,572.7
870,5779,2026-02-26 10:32:00,DELAY,510.19
871,5794,2026-02-26 08:56:00,DELAY,75.98
872,5797,2026-02-26 22:36:00,DELAY,170.89
873,5816,2026-02-26 12:34:00,DELAY,204.8
874,5817,2026-02-26 13:07:00,MISSING_ITEM,429.85
875,5826,2026-02-26 21:35:00,MISSING_ITEM,156.2
876,5841,2026-02-26 14:14:00,DELAY,124.05
877,5847,2026-02-26 19:09:00,MISSING_ITEM,540.33
878,5860,2026-02-26 10:37:00,MISSING_ITEM,280.07
879,5867,2026-02-26 12:53:00,CUSTOMER_CANCEL,601.12
880,5869,2026-02-26 21:00:00,CUSTOMER_CANCEL,312.99
881,5882,2026-02-26 21:49:00,MISSING_ITEM,97.81
882,5886,2026-02-27 00:01:00,MISSING_ITEM,106.37
883,5889,2026-02-26 17:28:00,DELAY,142.55
884,5902,2026-02-26 21:18:00,MISSING_ITEM,636.73
885,5904,2026-02-26 15:57:00,CUSTOMER_CANCEL,212.12
886,5907,2026-02-26 22:01:00,CUSTOMER_CANCEL,366.06
887,5908,2026-02-26 15:37:00,DELAY,154.2
888,5919,2026-02-27 00:05:00,CUSTOMER_CANCEL,239.73
889,5937,2026-02-26 14:30:00,CUSTOMER_CANCEL,301.84
890,5950,2026-02-28 00:04:00,MISSING_ITEM,268.53
891,5953,2026-02-27 13:38:00,DELAY,766.38
892,5955,2026-02-27 15:08:00,CUSTOMER_CANCEL,363.95
893,5957,2026-02-27 16:50:00,DELAY,162.43
894,5973,2026-02-27 19:05:00,CUSTOMER_CANCEL,112.27
895,5976,2026-02-27 16:11:00,CUSTOMER_CANCEL,78.15
896,5977,2026-02-27 12:57:00,CUSTOMER_CANCEL,380.17
897,5980,2026-02-27 16:54:00,CUSTOMER_CANCEL,136.22
898,5983,2026-02-28 01:36:00,CUSTOMER_CANCEL,392.39
899,5989,2026-02-27 13:51:00,DELAY,779.82
900,5995,2026-02-27 10:49:00,CUSTOMER_CANCEL,369.97
901,5999,2026-02-27 15:54:00,MISSING_ITEM,306.06
902,6005,2026-02-28 01:21:00,MISSING_ITEM,160.1
903,6015,2026-02-27 21:50:00,DELAY,162.44
904,6016,2026-02-27 12:32:00,CUSTOMER_CANCEL,503.48
905,6030,2026-02-27 23:20:00,CUSTOMER_CANCEL,258.42
906,6050,2026-02-27 18:55:00,DELAY,387.91
907,6053,2026-02-28 00:58:00,DELAY,486.19
908,6055,2026-02-27 20:53:00,CUSTOMER_CANCEL,272.56
909,6059,2026-02-27 19:52:00,MISSING_ITEM,355.74
910,6073,2026-02-27 09:24:00,CUSTOMER_CANCEL,622.76
911,6075,2026-02-27 17:42:00,MISSING_ITEM,174.62
912,6076,2026-02-27 20:53:00,DELAY,201.45
913,6090,2026-02-28 19:06:00,MISSING_ITEM,378.24
914,6093,2026-02-28 21:23:00,DELAY,354.52
915,6095,2026-02-28 22:17:00,MISSING_ITEM,220.25
916,6097,2026-02-28 23:28:00,CUSTOMER_CANCEL,410.47
917,6098,2026-02-28 22:57:00,CUSTOMER_CANCEL,380.03
918,6121,2026-02-28 22:56:00,DELAY,424.4
919,6125,2026-02-28 10:30:00,DELAY,515.52
920,6129,2026-02-28 15:11:00,MISSING_ITEM,269.47
921,6137,2026-02-28 13:25:00,MISSING_ITEM,255.45
922,6139,2026-02-28 23:08:00,DELAY,382.36
923,6141,2026-02-28 18:35:00,DELAY,210.86
924,6146,2026-02-28 12:20:00,MISSING_ITEM,321.01
925,6155,2026-03-01 00:10:00,CUSTOMER_CANCEL,176.57
926,6158,2026-02-28 12:35:00,MISSING_ITEM,341.13
927,6176,2026-02-28 22:48:00,DELAY,153.1
928,6208,2026-02-28 23:09:00,DELAY,218.86
929,6212,2026-02-28 22:00:00,CUSTOMER_CANCEL,264.6
930,6226,2026-02-28 10:16:00,CUSTOMER_CANCEL,71.25
931,6231,2026-03-01 00:13:00,MISSING_ITEM,195.79
932,6234,2026-02-28 10:31:00,DELAY,561.4
933,6245,2026-02-28 17:19:00,CUSTOMER_CANCEL,186.36
934,6249,2026-02-28 13:05:00,MISSING_ITEM,302.2
935,6254,2026-03-01 20:32:00,CUSTOMER_CANCEL,355.81
936,6264,2026-03-01 14:20:00,CUSTOMER_CANCEL,215.26
937,6271,2026-03-01 21:41:00,MISSING_ITEM,282.15
938,6275,2026-03-01 16:21:00,MISSING_ITEM,201.14
939,6280,2026-03-02 00:08:00,DELAY,157.49
940,6291,2026-03-01 19:24:00,CUSTOMER_CANCEL,240.78
941,6292,2026-03-01 11:43:00,MISSING_ITEM,275.86
942,6294,2026-03-02 00:18:00,DELAY,152.59
943,6296,2026-03-01 10:51:00,MISSING_ITEM,450.33
944,6301,2026-03-01 20:49:00,DELAY,144.68
945,6303,2026-03-01 13:26:00,MISSING_ITEM,132.2
946,6310,2026-03-01 13:39:00,MISSING_ITEM,544.33
947,6325,2026-03-01 23:26:00,DELAY,365.73
948,6330,2026-03-01 17:08:00,MISSING_ITEM,212.82
949,6333,2026-03-01 16:36:00,CUSTOMER_CANCEL,346.75
950,6335,2026-03-01 16:29:00,DELAY,84.2
951,6338,2026-03-01 12:37:00,CUSTOMER_CANCEL,636.5
952,6340,2026-03-01 11:25:00,CUSTOMER_CANCEL,347.49
953,6343,2026-03-01 11:01:00,MISSING_ITEM,129.84
954,6345,2026-03-01 20:45:00,CUSTOMER_CANCEL,458.3
955,6354,2026-03-01 13:09:00,MISSING_ITEM,66.81
956,6355,2026-03-01 14:54:00,DELAY,198.21
957,6356,2026-03-02 00:00:00,MISSING_ITEM,189.74
958,6363,2026-03-01 10:11:00,DELAY,587.54
959,6364,2026-03-01 15:57:00,CUSTOMER_CANCEL,129.17
960,6368,2026-03-01 12:33:00,DELAY,169.02
961,6388,2026-03-01 22:35:00,CUSTOMER_CANCEL,430.99
962,6392,2026-03-01 22:19:00,MISSING_ITEM,451.13
963,6393,2026-03-01 17:10:00,DELAY,771.12
964,6401,2026-03-01 18:27:00,CUSTOMER_CANCEL,315.83
965,6414,2026-03-01 21:18:00,MISSING_ITEM,102.04
966,6417,2026-03-01 22:55:00,DELAY,323.46
967,6419,2026-03-01 15:47:00,DELAY,152.95
968,6420,2026-03-01 16:18:00,CUSTOMER_CANCEL,135.43
969,6423,2026-03-01 20:22:00,CUSTOMER_CANCEL,374.98
970,6424,2026-03-01 12:17:00,CUSTOMER_CANCEL,435.13
971,6426,2026-03-01 18:53:00,DELAY,299.94
972,6427,2026-03-01 15:49:00,DELAY,214.89
973,6429,2026-03-01 13:09:00,MISSING_ITEM,370.84
974,6434,2026-03-01 22:49:00,CUSTOMER_CANCEL,270.16
975,6435,2026-03-01 15:24:00,DELAY,106.62
976,6447,2026-03-02 18:55:00,DELAY,612.06
977,6450,2026-03-02 10:44:00,CUSTOMER_CANCEL,174.09
978,6453,2026-03-02 23:04:00,CUSTOMER_CANCEL,136.06
979,6460,2026-03-02 12:17:00,MISSING_ITEM,301.95
980,6461,2026-03-02 19:44:00,DELAY,94.29
981,6462,2026-03-02 11:03:00,MISSING_ITEM,532.4
982,6467,2026-03-02 12:38:00,MISSING_ITEM,127.55
983,6468,2026-03-02 13:34:00,MISSING_ITEM,79.82
984,6469,2026-03-02 20:37:00,MISSING_ITEM,629.44
985,6474,2026-03-02 21:55:00,CUSTOMER_CANCEL,199.82
986,6478,2026-03-02 23:45:00,DELAY,176.09
987,6483,2026-03-02 15:11:00,CUSTOMER_CANCEL,705.09
988,6503,2026-03-02 12:21:00,MISSING_ITEM,447.33
989,6504,2026-03-02 20:07:00,MISSING_ITEM,261.73
990,6508,2026-03-02 21:06:00,DELAY,245.76
991,6513,2026-03-02 14:55:00,MISSING_ITEM,439.2
992,6519,2026-03-02 16:39:00,MISSING_ITEM,298.9
993,6520,2026-03-02 17:42:00,CUSTOMER_CANCEL,429.25
994,6522,2026-03-02 16:36:00,CUSTOMER_CANCEL,322.97
995,6535,2026-03-02 15:56:00,DELAY,259.48
996,6545,2026-03-02 12:12:00,MISSING_ITEM,224.25
997,6555,2026-03-02 18:29:00,DELAY,435.31
998,6558,2026-03-02 17:39:00,MISSING_ITEM,260.26
999,6563,2026-03-02 12:42:00,CUSTOMER_CANCEL,331.75
1000,6565,2026-03-02 21:22:00,MISSING_ITEM,292.37
1001,6572,2026-03-02 17:01:00,MISSING_ITEM,415.55
1002,6583,2026-03-02 13:53:00,CUSTOMER_CANCEL,82.49
1003,6585,2026-03-02 14:56:00,MISSING_ITEM,229.64
1004,6599,2026-03-02 22:44:00,CUSTOMER_CANCEL,316.29
1005,6612,2026-03-02 17:47:00,MISSING_ITEM,266.4
1006,6632,2026-03-03 18:37:00,DELAY,511.58
1007,6633,2026-03-03 19:32:00,MISSING_ITEM,350.05
1008,6634,2026-03-03 23:40:00,MISSING_ITEM,182.71
1009,6642,2026-03-03 17:15:00,MISSING_ITEM,690.79
1010,6649,2026-03-03 14:28:00,CUSTOMER_CANCEL,446.27
1011,6659,2026-03-03 19:56:00,CUSTOMER_CANCEL,182.18
1012,6672,2026-03-03 16:52:00,DELAY,713.15
1013,6678,2026-03-03 14:51:00,MISSING_ITEM,474.97
1014,6685,2026-03-03 23:51:00,CUSTOMER_CANCEL,136.74
1015,6691,2026-03-03 18:33:00,CUSTOMER_CANCEL,217.6
1016,6708,2026-03-04 01:31:00,DELAY,341.36
1017,6709,2026-03-03 22:18:00,DELAY,272.38
1018,6710,2026-03-03 22:32:00,DELAY,587.77
1019,6713,2026-03-03 19:40:00,CUSTOMER_CANCEL,108.58
1020,6714,2026-03-03 14:35:00,MISSING_ITEM,155.88
1021,6723,2026-03-03 21:53:00,MISSING_ITEM,263.92
1022,6726,2026-03-03 17:04:00,DELAY,231.17
1023,6728,2026-03-03 13:16:00,DELAY,375.69
1024,6732,2026-03-03 20:12:00,CUSTOMER_CANCEL,262.96
1025,6734,2026-03-03 22:15:00,DELAY,250.72
1026,6764,2026-03-04 23:18:00,CUSTOMER_CANCEL,342.89
1027,6772,2026-03-04 18:35:00,DELAY,215.65
1028,6774,2026-03-04 23:26:00,MISSING_ITEM,97.92
1029,6775,2026-03-04 22:21:00,CUSTOMER_CANCEL,510.32
1030,6784,2026-03-04 19:24:00,CUSTOMER_CANCEL,417.31
1031,6785,2026-03-04 12:38:00,MISSING_ITEM,354.04
1032,6793,2026-03-04 20:37:00,CUSTOMER_CANCEL,242.59
1033,6806,2026-03-04 11:57:00,DELAY,98.92
1034,6812,2026-03-04 14:10:00,DELAY,389.48
1035,6818,2026-03-04 20:18:00,DELAY,735.08
1036,6819,2026-03-04 20:26:00,DELAY,559.12
1037,6820,2026-03-04 19:59:00,CUSTOMER_CANCEL,520.95
1038,6832,2026-03-04 23:38:00,MISSING_ITEM,133.09
1039,6839,2026-03-04 14:06:00,CUSTOMER_CANCEL,363.33
1040,6844,2026-03-04 21:02:00,MISSING_ITEM,345.33
1041,6852,2026-03-04 22:33:00,CUSTOMER_CANCEL,234.9
1042,6855,2026-03-04 17:49:00,DELAY,97.17
1043,6869,2026-03-04 10:28:00,MISSING_ITEM,348.28
1044,6875,2026-03-04 22:13:00,MISSING_ITEM,219.22
1045,6878,2026-03-04 16:15:00,CUSTOMER_CANCEL,609.25
1046,6879,2026-03-04 09:57:00,DELAY,444.41
1047,6884,2026-03-04 12:51:00,MISSING_ITEM,219.07
1048,6891,2026-03-04 17:06:00,MISSING_ITEM,621.45
1049,6898,2026-03-04 12:31:00,DELAY,574.32
1050,6900,2026-03-04 12:34:00,DELAY,400.84
1051,6901,2026-03-04 14:07:00,CUSTOMER_CANCEL,189.76
1052,6914,2026-03-04 10:08:00,CUSTOMER_CANCEL,507.47
1053,6927,2026-03-04 18:43:00,DELAY,670.48
1054,6935,2026-03-04 17:25:00,MISSING_ITEM,480.29
1055,6939,2026-03-04 09:38:00,CUSTOMER_CANCEL,112.79
1056,6958,2026-03-05 22:44:00,CUSTOMER_CANCEL,370.17
1057,6961,2026-03-05 23:15:00,CUSTOMER_CANCEL,290.69
1058,6962,2026-03-05 22:49:00,MISSING_ITEM,574.71
1059,6976,2026-03-06 00:25:00,CUSTOMER_CANCEL,207.47
1060,6977,2026-03-05 17:33:00,MISSING_ITEM,539.41
1061,6990,2026-03-05 11:25:00,CUSTOMER_CANCEL,90.14
1062,6991,2026-03-05 21:34:00,MISSING_ITEM,103.78
1063,6994,2026-03-05 13:43:00,MISSING_ITEM,262.88
1064,7001,2026-03-05 17:21:00,DELAY,359.39
1065,7003,2026-03-05 10:36:00,CUSTOMER_CANCEL,330.15
1066,7007,2026-03-05 12:40:00,CUSTOMER_CANCEL,321.25
1067,7015,2026-03-05 23:28:00,DELAY,238.07
1068,7022,2026-03-05 16:34:00,MISSING_ITEM,462.65
1069,7031,2026-03-05 18:00:00,DELAY,225.92
1070,7036,2026-03-05 17:44:00,MISSING_ITEM,431.54
1071,7037,2026-03-05 16:42:00,CUSTOMER_CANCEL,163.87
1072,7038,2026-03-05 20:24:00,DELAY,266.15
1073,7039,2026-03-05 17:50:00,CUSTOMER_CANCEL,217.73
1074,7040,2026-03-05 18:30:00,CUSTOMER_CANCEL,408.68
1075,7043,2026-03-05 13:08:00,DELAY,222.64
1076,7048,2026-03-05 17:08:00,MISSING_ITEM,197.61
1077,7054,2026-03-05 17:24:00,DELAY,419.24
1078,7057,2026-03-05 10:47:00,MISSING_ITEM,384.75
1079,7069,2026-03-05 09:19:00,DELAY,129.35
1080,7070,2026-03-05 15:59:00,CUSTOMER_CANCEL,274.07
1081,7075,2026-03-05 20:59:00,MISSING_ITEM,125.18
1082,7078,2026-03-05 21:49:00,DELAY,644.57
1083,7079,2026-03-06 00:56:00,MISSING_ITEM,146.14
1084,7080,2026-03-05 20:01:00,CUSTOMER_CANCEL,145.33
1085,7083,2026-03-05 16:08:00,MISSING_ITEM,175.68
1086,7086,2026-03-05 16:58:00,CUSTOMER_CANCEL,119.27
1087,7097,2026-03-05 16:39:00,DELAY,573.56
1088,7107,2026-03-06 00:14:00,CUSTOMER_CANCEL,252.79
1089,7111,2026-03-05 20:49:00,CUSTOMER_CANCEL,266.35
1090,7112,2026-03-05 20:15:00,DELAY,163.36
1091,7122,2026-03-05 18:26:00,CUSTOMER_CANCEL,187.49
1092,7123,2026-03-05 13:06:00,DELAY,398.54
1093,7148,2026-03-06 17:48:00,CUSTOMER_CANCEL,176.58
1094,7157,2026-03-06 18:02:00,CUSTOMER_CANCEL,472.05
1095,7159,2026-03-06 17:46:00,CUSTOMER_CANCEL,184.07
1096,7161,2026-03-06 11:55:00,CUSTOMER_CANCEL,108.83
1097,7168,2026-03-06 14:22:00,DELAY,303.55
1098,7181,2026-03-06 20:17:00,MISSING_ITEM,237.47
1099,7183,2026-03-06 14:49:00,CUSTOMER_CANCEL,418.83
1100,7187,2026-03-07 01:40:00,CUSTOMER_CANCEL,193.76
1101,7191,2026-03-06 17:17:00,CUSTOMER_CANCEL,567.9
1102,7196,2026-03-06 11:52:00,MISSING_ITEM,200.4
1103,7203,2026-03-06 11:05:00,DELAY,224.43
1104,7209,2026-03-06 15:46:00,MISSING_ITEM,122.66
1105,7212,2026-03-06 22:37:00,MISSING_ITEM,429.56
1106,7217,2026-03-06 23:09:00,CUSTOMER_CANCEL,332.46
1107,7221,2026-03-06 22:34:00,DELAY,697.8
1108,7223,2026-03-06 21:06:00,MISSING_ITEM,349.97
1109,7224,2026-03-06 14:11:00,DELAY,190.84
1110,7226,2026-03-06 20:18:00,DELAY,257.6
1111,7228,2026-03-06 23:07:00,CUSTOMER_CANCEL,262.57
1112,7242,2026-03-06 15:19:00,CUSTOMER_CANCEL,162.21
1113,7244,2026-03-06 20:16:00,CUSTOMER_CANCEL,593.6
1114,7250,2026-03-06 12:07:00,CUSTOMER_CANCEL,171.59
1115,7253,2026-03-06 20:20:00,CUSTOMER_CANCEL,291.03
1116,7256,2026-03-06 15:14:00,MISSING_ITEM,572.7
1117,7260,2026-03-06 17:09:00,CUSTOMER_CANCEL,223.38
1118,7262,2026-03-06 13:57:00,MISSING_ITEM,106.14
1119,7271,2026-03-06 20:01:00,CUSTOMER_CANCEL,421.34
1120,7297,2026-03-06 15:33:00,CUSTOMER_CANCEL,329.69
1121,7301,2026-03-06 16:52:00,MISSING_ITEM,261.48
1122,7305,2026-03-06 14:05:00,MISSING_ITEM,367.06
1123,7309,2026-03-06 12:42:00,CUSTOMER_CANCEL,320.85
1124,7332,2026-03-07 10:27:00,DELAY,121.61
1125,7335,2026-03-07 21:10:00,DELAY,133.34
1126,7343,2026-03-07 21:30:00,MISSING_ITEM,452.51
1127,7351,2026-03-07 10:56:00,DELAY,294.68
1128,7352,2026-03-07 16:32:00,CUSTOMER_CANCEL,260.17
1129,7372,2026-03-07 14:17:00,CUSTOMER_CANCEL,592.73
1130,7385,2026-03-07 12:59:00,MISSING_ITEM,229.49
1131,7396,2026-03-07 12:49:00,MISSING_ITEM,243.36
1132,7402,2026-03-07 12:38:00,DELAY,129.71
1133,7408,2026-03-07 23:58:00,CUSTOMER_CANCEL,448.52
1134,7411,2026-03-07 16:50:00,DELAY,180.09
1135,7414,2026-03-07 22:15:00,MISSING_ITEM,437.13
1136,7419,2026-03-07 23:15:00,CUSTOMER_CANCEL,244.81
1137,7420,2026-03-07 23:24:00,MISSING_ITEM,164.58
1138,7434,2026-03-07 13:46:00,MISSING_ITEM,181.2
1139,7440,2026-03-07 10:07:00,DELAY,270.06
1140,7449,2026-03-07 18:00:00,MISSING_ITEM,361.52
1141,7452,2026-03-07 19:19:00,MISSING_ITEM,148.15
1142,7462,2026-03-08 00:09:00,CUSTOMER_CANCEL,306.05
1143,7464,2026-03-07 13:15:00,CUSTOMER_CANCEL,566.34
1144,7474,2026-03-07 21:04:00,DELAY,204.66
1145,7477,2026-03-07 10:39:00,DELAY,367.56
1146,7481,2026-03-07 20:22:00,CUSTOMER_CANCEL,452.66
1147,7500,2026-03-07 21:15:00,CUSTOMER_CANCEL,98.14
1148,7514,2026-03-08 20:37:00,CUSTOMER_CANCEL,261.9
1149,7533,2026-03-08 13:24:00,MISSING_ITEM,339.97
1150,7543,2026-03-08 22:20:00,MISSING_ITEM,256.27
1151,7546,2026-03-08 10:14:00,MISSING_ITEM,407.66
1152,7547,2026-03-08 14:23:00,MISSING_ITEM,268.04
1153,7552,2026-03-08 12:54:00,MISSING_ITEM,611.82
1154,7554,2026-03-08 16:10:00,CUSTOMER_CANCEL,215.93
1155,7558,2026-03-08 15:32:00,CUSTOMER_CANCEL,202.82
1156,7559,2026-03-08 17:57:00,DELAY,312.21
1157,7564,2026-03-08 21:25:00,MISSING_ITEM,498.01
1158,7576,2026-03-08 14:46:00,CUSTOMER_CANCEL,156.54
1159,7577,2026-03-08 12:21:00,DELAY,299.2
1160,7584,2026-03-08 17:25:00,DELAY,237.73
1161,7588,2026-03-08 23:35:00,CUSTOMER_CANCEL,600.11
1162,7590,2026-03-08 17:31:00,DELAY,530.32
1163,7591,2026-03-08 23:54:00,CUSTOMER_CANCEL,224.2
1164,7598,2026-03-08 17:55:00,MISSING_ITEM,300.07
1165,7599,2026-03-08 13:38:00,MISSING_ITEM,160.72
1166,7611,2026-03-08 21:04:00,MISSING_ITEM,175.82
1167,7617,2026-03-08 21:56:00,MISSING_ITEM,73.42
1168,7619,2026-03-08 22:00:00,MISSING_ITEM,414.73
1169,7623,2026-03-08 12:34:00,MISSING_ITEM,253.06
1170,7626,2026-03-08 17:01:00,MISSING_ITEM,499.12
1171,7638,2026-03-08 15:40:00,DELAY,149.63
1172,7646,2026-03-08 21:16:00,CUSTOMER_CANCEL,387.41
1173,7661,2026-03-09 01:49:00,CUSTOMER_CANCEL,146.08
1174,7678,2026-03-08 23:50:00,DELAY,200.81
1175,7681,2026-03-08 19:11:00,DELAY,264.52
1176,7697,2026-03-08 13:36:00,DELAY,133.8
1177,7700,2026-03-08 18:57:00,MISSING_ITEM,556.84
1178,7712,2026-03-08 10:55:00,MISSING_ITEM,98.75
1179,7716,2026-03-08 12:38:00,MISSING_ITEM,635.27
1180,7720,2026-03-09 12:47:00,MISSING_ITEM,204.24
1181,7725,2026-03-09 20:29:00,CUSTOMER_CANCEL,485.29
1182,7736,2026-03-09 18:53:00,CUSTOMER_CANCEL,417.98
1183,7754,2026-03-09 16:27:00,MISSING_ITEM,139.07
1184,7760,2026-03-09 20:16:00,MISSING_ITEM,300.9
1185,7768,2026-03-09 12:05:00,CUSTOMER_CANCEL,204.72
1186,7772,2026-03-09 18:18:00,DELAY,422.98
1187,7773,2026-03-09 10:04:00,CUSTOMER_CANCEL,81.81
1188,7786,2026-03-09 15:27:00,CUSTOMER_CANCEL,333.01
1189,7788,2026-03-10 01:10:00,MISSING_ITEM,302.26
1190,7789,2026-03-09 23:47:00,CUSTOMER_CANCEL,144.13
1191,7795,2026-03-09 18:18:00,DELAY,428.99
1192,7801,2026-03-09 23:25:00,DELAY,152.05
1193,7809,2026-03-09 20:45:00,CUSTOMER_CANCEL,139.88
1194,7814,2026-03-09 10:12:00,MISSING_ITEM,401.6
1195,7816,2026-03-09 23:21:00,DELAY,90.9
1196,7822,2026-03-09 19:33:00,MISSING_ITEM,420.4
1197,7856,2026-03-09 14:16:00,DELAY,277.21
1198,7877,2026-03-09 20:42:00,CUSTOMER_CANCEL,163.76
1199,7878,2026-03-09 14:07:00,CUSTOMER_CANCEL,306.56
1200,7880,2026-03-09 17:19:00,MISSING_ITEM,92.94
1201,7887,2026-03-09 20:53:00,DELAY,520.4
1202,7894,2026-03-10 19:05:00,DELAY,257.54
1203,7896,2026-03-10 21:00:00,MISSING_ITEM,634.73
1204,7897,2026-03-10 21:03:00,CUSTOMER_CANCEL,62.65
1205,7910,2026-03-11 00:05:00,DELAY,118.28
1206,7921,2026-03-10 19:06:00,MISSING_ITEM,424.76
1207,7924,2026-03-10 22:30:00,CUSTOMER_CANCEL,297.46
1208,7927,2026-03-10 10:09:00,MISSING_ITEM,116.19
1209,7939,2026-03-10 10:02:00,CUSTOMER_CANCEL,197.22
1210,7940,2026-03-10 23:21:00,DELAY,406.6
1211,7942,2026-03-10 20:59:00,MISSING_ITEM,439.22
1212,7943,2026-03-10 21:17:00,DELAY,434.96
1213,7968,2026-03-10 18:06:00,MISSING_ITEM,250.19
1214,7970,2026-03-10 17:24:00,MISSING_ITEM,310.45
1215,7973,2026-03-10 16:02:00,MISSING_ITEM,223.08
1216,7977,2026-03-10 11:27:00,DELAY,417.56
1217,7982,2026-03-10 10:48:00,MISSING_ITEM,115.28
1218,7992,2026-03-10 13:30:00,DELAY,111.22
1219,7996,2026-03-10 23:39:00,DELAY,554.33
1220,8005,2026-03-10 17:51:00,DELAY,281.04
1221,8012,2026-03-10 17:16:00,MISSING_ITEM,158.16
1222,8017,2026-03-10 10:46:00,CUSTOMER_CANCEL,219.86
1223,8019,2026-03-10 13:23:00,MISSING_ITEM,245.1
1224,8025,2026-03-11 13:38:00,MISSING_ITEM,147.56
1225,8048,2026-03-11 18:48:00,MISSING_ITEM,230.31
1226,8049,2026-03-11 17:35:00,MISSING_ITEM,328.29
1227,8067,2026-03-11 19:40:00,DELAY,155.98
1228,8080,2026-03-11 21:33:00,CUSTOMER_CANCEL,157.44
1229,8101,2026-03-11 18:09:00,CUSTOMER_CANCEL,528.56
1230,8104,2026-03-11 10:29:00,CUSTOMER_CANCEL,114.67
1231,8106,2026-03-11 23:01:00,CUSTOMER_CANCEL,60.81
1232,8129,2026-03-11 11:34:00,DELAY,378.08
1233,8132,2026-03-11 14:05:00,MISSING_ITEM,325.63
1234,8136,2026-03-11 14:12:00,CUSTOMER_CANCEL,716.77
1235,8144,2026-03-12 16:55:00,CUSTOMER_CANCEL,534.44
1236,8151,2026-03-12 21:00:00,CUSTOMER_CANCEL,370.55
1237,8153,2026-03-12 10:39:00,CUSTOMER_CANCEL,316.59
1238,8158,2026-03-12 12:57:00,CUSTOMER_CANCEL,270.58
1239,8169,2026-03-12 17:46:00,MISSING_ITEM,176.9
1240,8180,2026-03-12 16:17:00,MISSING_ITEM,434.18
1241,8182,2026-03-12 15:10:00,DELAY,227.25
1242,8202,2026-03-12 14:38:00,MISSING_ITEM,269.7
1243,8207,2026-03-12 18:21:00,MISSING_ITEM,284.2
1244,8210,2026-03-12 15:20:00,CUSTOMER_CANCEL,171.47
1245,8214,2026-03-13 00:57:00,MISSING_ITEM,495.02
1246,8220,2026-03-12 18:35:00,MISSING_ITEM,309.05
1247,8235,2026-03-12 12:50:00,DELAY,81.02
1248,8239,2026-03-12 23:15:00,CUSTOMER_CANCEL,352.01
1249,8240,2026-03-12 14:46:00,DELAY,281.51
1250,8242,2026-03-12 11:00:00,MISSING_ITEM,520.95
1251,8246,2026-03-12 14:54:00,DELAY,281.06
1252,8265,2026-03-12 19:24:00,MISSING_ITEM,140.99
1253,8272,2026-03-13 00:47:00,CUSTOMER_CANCEL,153.76
1254,8281,2026-03-12 23:58:00,DELAY,552.44
1255,8300,2026-03-13 12:36:00,CUSTOMER_CANCEL,171.99
1256,8305,2026-03-13 19:39:00,MISSING_ITEM,86.24
1257,8310,2026-03-13 13:21:00,CUSTOMER_CANCEL,319.33
1258,8313,2026-03-13 19:30:00,MISSING_ITEM,302.55
1259,8320,2026-03-13 23:55:00,MISSING_ITEM,97.25
1260,8332,2026-03-13 23:05:00,MISSING_ITEM,542.96
1261,8338,2026-03-14 00:33:00,DELAY,634.26
1262,8349,2026-03-13 12:26:00,CUSTOMER_CANCEL,448.24
1263,8364,2026-03-13 10:23:00,MISSING_ITEM,447.48
1264,8367,2026-03-14 00:39:00,CUSTOMER_CANCEL,209.08
1265,8377,2026-03-13 17:37:00,CUSTOMER_CANCEL,339.41
1266,8382,2026-03-13 10:53:00,DELAY,122.66
1267,8391,2026-03-13 10:06:00,CUSTOMER_CANCEL,275.83
1268,8399,2026-03-13 20:10:00,MISSING_ITEM,347.68
1269,8412,2026-03-13 23:47:00,DELAY,195.44
1270,8415,2026-03-13 16:22:00,DELAY,254.47
1271,8426,2026-03-13 11:12:00,MISSING_ITEM,284.88
1272,8427,2026-03-13 21:24:00,MISSING_ITEM,313.71
1273,8432,2026-03-13 10:22:00,CUSTOMER_CANCEL,204.53
1274,8434,2026-03-13 22:46:00,MISSING_ITEM,96.82
1275,8440,2026-03-13 18:57:00,MISSING_ITEM,193.95
1276,8443,2026-03-13 14:21:00,MISSING_ITEM,205.72
1277,8445,2026-03-13 15:05:00,DELAY,376.84
1278,8450,2026-03-13 19:16:00,DELAY,661.98
1279,8455,2026-03-13 15:22:00,DELAY,337.88
1280,8456,2026-03-13 20:59:00,MISSING_ITEM,181.44
1281,8458,2026-03-13 18:39:00,CUSTOMER_CANCEL,183.98
1282,8471,2026-03-13 12:28:00,CUSTOMER_CANCEL,308.79
1283,8475,2026-03-13 22:47:00,MISSING_ITEM,322.21
1284,8476,2026-03-13 12:46:00,DELAY,220.14
1285,8481,2026-03-13 13:12:00,DELAY,161.96
1286,8483,2026-03-13 23:05:00,MISSING_ITEM,286.7
1287,8486,2026-03-13 21:29:00,MISSING_ITEM,190.09
1288,8493,2026-03-13 16:52:00,CUSTOMER_CANCEL,439.69
1289,8496,2026-03-13 21:29:00,DELAY,314.41
1290,8514,2026-03-14 14:28:00,MISSING_ITEM,427.15
1291,8518,2026-03-14 09:45:00,DELAY,396.32
1292,8531,2026-03-14 12:35:00,CUSTOMER_CANCEL,513.82
1293,8543,2026-03-14 15:04:00,DELAY,155.22
1294,8545,2026-03-15 00:28:00,DELAY,512.3
1295,8546,2026-03-15 00:13:00,MISSING_ITEM,246.67
1296,8550,2026-03-14 13:51:00,CUSTOMER_CANCEL,181.75
1297,8554,2026-03-15 00:31:00,DELAY,430.01
1298,8557,2026-03-14 16:01:00,DELAY,255.33
1299,8572,2026-03-14 18:11:00,CUSTOMER_CANCEL,302.14
1300,8576,2026-03-14 20:59:00,MISSING_ITEM,146.99
1301,8582,2026-03-14 12:12:00,MISSING_ITEM,62.43
1302,8593,2026-03-15 00:28:00,MISSING_ITEM,243.56
1303,8594,2026-03-14 19:55:00,DELAY,250.17
1304,8597,2026-03-14 23:30:00,CUSTOMER_CANCEL,479.17
1305,8598,2026-03-14 16:22:00,MISSING_ITEM,239.4
1306,8600,2026-03-14 17:52:00,CUSTOMER_CANCEL,236.84
1307,8606,2026-03-14 12:03:00,DELAY,318.96
1308,8612,2026-03-14 23:25:00,CUSTOMER_CANCEL,136.94
1309,8616,2026-03-14 23:17:00,MISSING_ITEM,458.66
1310,8625,2026-03-14 13:01:00,MISSING_ITEM,242.61
1311,8637,2026-03-14 17:41:00,CUSTOMER_CANCEL,527.31
1312,8640,2026-03-14 16:29:00,CUSTOMER_CANCEL,398.91
1313,8645,2026-03-15 23:15:00,CUSTOMER_CANCEL,630.67
1314,8647,2026-03-15 15:46:00,CUSTOMER_CANCEL,640.7
1315,8657,2026-03-15 15:38:00,MISSING_ITEM,318.72
1316,8677,2026-03-15 16:14:00,CUSTOMER_CANCEL,320.48
1317,8683,2026-03-15 17:50:00,MISSING_ITEM,249.35
1318,8694,2026-03-15 14:07:00,CUSTOMER_CANCEL,298.34
1319,8702,2026-03-15 22:18:00,DELAY,174.15
1320,8707,2026-03-15 23:57:00,DELAY,535.43
1321,8714,2026-03-15 17:13:00,DELAY,581.49
1322,8719,2026-03-15 16:29:00,CUSTOMER_CANCEL,415.18
1323,8740,2026-03-15 13:46:00,CUSTOMER_CANCEL,211.34
1324,8743,2026-03-15 23:05:00,CUSTOMER_CANCEL,135.08
1325,8754,2026-03-15 17:57:00,MISSING_ITEM,313.21
1326,8755,2026-03-15 10:02:00,MISSING_ITEM,48.58
1327,8757,2026-03-15 23:15:00,CUSTOMER_CANCEL,182.04
1328,8758,2026-03-15 17:16:00,CUSTOMER_CANCEL,110.75
1329,8762,2026-03-16 00:23:00,DELAY,182.1
1330,8772,2026-03-16 18:20:00,CUSTOMER_CANCEL,701.83
1331,8774,2026-03-16 14:31:00,MISSING_ITEM,415.7
1332,8777,2026-03-16 10:36:00,CUSTOMER_CANCEL,403.07
1333,8784,2026-03-16 23:35:00,MISSING_ITEM,630.77
1334,8785,2026-03-16 17:22:00,CUSTOMER_CANCEL,342.19
1335,8789,2026-03-16 22:14:00,MISSING_ITEM,64.87
1336,8802,2026-03-16 09:56:00,DELAY,603.55
1337,8804,2026-03-16 14:25:00,CUSTOMER_CANCEL,719.87
1338,8805,2026-03-16 13:49:00,DELAY,229.07
1339,8809,2026-03-16 15:40:00,CUSTOMER_CANCEL,110.22
1340,8813,2026-03-16 21:57:00,CUSTOMER_CANCEL,282.54
1341,8825,2026-03-16 14:13:00,DELAY,741.61
1342,8839,2026-03-16 21:32:00,MISSING_ITEM,187.79
1343,8840,2026-03-17 01:43:00,MISSING_ITEM,201.68
1344,8841,2026-03-16 19:13:00,MISSING_ITEM,690.58
1345,8846,2026-03-16 20:03:00,CUSTOMER_CANCEL,159.97
1346,8860,2026-03-16 14:46:00,MISSING_ITEM,363.08
1347,8869,2026-03-16 15:55:00,CUSTOMER_CANCEL,149.56
1348,8874,2026-03-16 15:48:00,MISSING_ITEM,86.81
1349,8885,2026-03-16 10:02:00,DELAY,111.58
1350,8888,2026-03-16 10:18:00,CUSTOMER_CANCEL,157.29
1351,8890,2026-03-16 13:34:00,CUSTOMER_CANCEL,114.1
1352,8891,2026-03-16 16:41:00,DELAY,239.59
1353,8913,2026-03-16 22:02:00,DELAY,233.22
1354,8924,2026-03-16 11:35:00,CUSTOMER_CANCEL,276.96
1355,8934,2026-03-17 23:18:00,DELAY,322.75
1356,8938,2026-03-17 22:05:00,DELAY,170.07
1357,8939,2026-03-17 19:05:00,DELAY,265.98
1358,8940,2026-03-17 20:43:00,CUSTOMER_CANCEL,101.47
1359,8950,2026-03-17 11:21:00,MISSING_ITEM,509.89
1360,8956,2026-03-17 20:16:00,MISSING_ITEM,97.57
1361,8962,2026-03-17 22:08:00,DELAY,235.82
1362,8968,2026-03-17 12:28:00,CUSTOMER_CANCEL,336.1
1363,8969,2026-03-17 12:49:00,MISSING_ITEM,626.1
1364,8971,2026-03-17 22:03:00,DELAY,472.1
1365,8976,2026-03-17 14:47:00,DELAY,435.42
1366,8978,2026-03-17 16:59:00,CUSTOMER_CANCEL,209.77
1367,9002,2026-03-18 01:17:00,CUSTOMER_CANCEL,331.78
1368,9005,2026-03-17 13:10:00,MISSING_ITEM,200.53
1369,9028,2026-03-17 14:36:00,MISSING_ITEM,408.84
1370,9033,2026-03-17 10:18:00,DELAY,356.58
1371,9038,2026-03-17 21:15:00,CUSTOMER_CANCEL,440.25
1372,9056,2026-03-17 17:56:00,DELAY,581.16
1373,9057,2026-03-17 18:06:00,DELAY,279.18
1374,9071,2026-03-17 10:17:00,DELAY,605.41
1375,9073,2026-03-17 16:21:00,CUSTOMER_CANCEL,178.28
1376,9079,2026-03-17 22:05:00,DELAY,603.67
1377,9081,2026-03-17 15:16:00,MISSING_ITEM,467.76
1378,9083,2026-03-17 22:32:00,CUSTOMER_CANCEL,675.7
1379,9086,2026-03-18 01:39:00,CUSTOMER_CANCEL,146.14
1380,9089,2026-03-18 00:33:00,DELAY,102.11
1381,9093,2026-03-17 11:22:00,MISSING_ITEM,500.86
1382,9108,2026-03-17 20:34:00,DELAY,177.51
1383,9119,2026-03-18 22:09:00,DELAY,639.89
1384,9132,2026-03-18 14:07:00,CUSTOMER_CANCEL,229.37
1385,9135,2026-03-18 18:51:00,DELAY,598.6
1386,9140,2026-03-18 19:12:00,DELAY,579.8
1387,9143,2026-03-18 18:10:00,DELAY,594.78
1388,9144,2026-03-18 12:47:00,MISSING_ITEM,233.45
1389,9153,2026-03-18 20:02:00,DELAY,136.67
1390,9156,2026-03-18 19:23:00,DELAY,134.54
1391,9157,2026-03-18 23:38:00,CUSTOMER_CANCEL,214.94
1392,9158,2026-03-18 20:09:00,DELAY,463.3
1393,9167,2026-03-18 13:30:00,DELAY,164.43
1394,9170,2026-03-18 19:14:00,DELAY,442.47
1395,9173,2026-03-18 12:37:00,DELAY,267.52
1396,9188,2026-03-18 23:03:00,CUSTOMER_CANCEL,460.31
1397,9189,2026-03-18 21:30:00,CUSTOMER_CANCEL,105.45
1398,9228,2026-03-18 23:23:00,CUSTOMER_CANCEL,102.83
1399,9233,2026-03-18 15:09:00,MISSING_ITEM,262.23
1400,9248,2026-03-18 23:48:00,CUSTOMER_CANCEL,440.12
1401,9254,2026-03-19 00:11:00,MISSING_ITEM,340.95
1402,9258,2026-03-18 23:07:00,MISSING_ITEM,101.32
1403,9264,2026-03-18 20:07:00,DELAY,199.63
1404,9277,2026-03-19 00:19:00,CUSTOMER_CANCEL,289.17
1405,9285,2026-03-19 01:04:00,MISSING_ITEM,156.12
1406,9288,2026-03-18 21:08:00,CUSTOMER_CANCEL,435.98
1407,9294,2026-03-18 21:39:00,DELAY,308.69
1408,9299,2026-03-18 10:19:00,MISSING_ITEM,681.06
1409,9307,2026-03-18 16:42:00,DELAY,606.45
1410,9317,2026-03-18 13:40:00,MISSING_ITEM,141.58
1411,9332,2026-03-19 19:18:00,CUSTOMER_CANCEL,398.89
1412,9334,2026-03-19 22:16:00,CUSTOMER_CANCEL,518.46
1413,9343,2026-03-19 17:51:00,CUSTOMER_CANCEL,78.27
1414,9347,2026-03-19 22:28:00,CUSTOMER_CANCEL,243.08
1415,9363,2026-03-19 21:37:00,DELAY,307.5
1416,9366,2026-03-19 20:38:00,DELAY,399.95
1417,9375,2026-03-19 11:17:00,CUSTOMER_CANCEL,252.73
1418,9378,2026-03-19 12:51:00,DELAY,345.42
1419,9382,2026-03-19 12:18:00,DELAY,301.87
1420,9385,2026-03-19 09:54:00,MISSING_ITEM,219.88
1421,9393,2026-03-19 18:13:00,MISSING_ITEM,229.67
1422,9399,2026-03-19 12:19:00,DELAY,503.33
1423,9408,2026-03-19 14:38:00,MISSING_ITEM,208.0
1424,9410,2026-03-19 09:09:00,DELAY,310.43
1425,9436,2026-03-19 14:11:00,MISSING_ITEM,481.95
1426,9442,2026-03-19 17:54:00,MISSING_ITEM,262.37
1427,9447,2026-03-19 12:56:00,MISSING_ITEM,183.66
1428,9449,2026-03-19 17:10:00,CUSTOMER_CANCEL,443.11
1429,9452,2026-03-19 19:08:00,CUSTOMER_CANCEL,172.94
1430,9454,2026-03-19 22:45:00,MISSING_ITEM,97.36
1431,9458,2026-03-19 16:05:00,MISSING_ITEM,498.51
1432,9469,2026-03-19 18:49:00,CUSTOMER_CANCEL,417.67
1433,9473,2026-03-19 22:03:00,MISSING_ITEM,55.29
1434,9480,2026-03-19 12:42:00,CUSTOMER_CANCEL,394.91
1435,9499,2026-03-19 16:56:00,CUSTOMER_CANCEL,697.49
1436,9500,2026-03-19 23:33:00,CUSTOMER_CANCEL,197.47
1437,9503,2026-03-19 19:01:00,MISSING_ITEM,331.28
1438,9504,2026-03-19 19:36:00,CUSTOMER_CANCEL,503.32
1439,9525,2026-03-19 19:24:00,CUSTOMER_CANCEL,193.73
1440,9528,2026-03-19 13:29:00,MISSING_ITEM,307.2
1441,9529,2026-03-19 14:44:00,MISSING_ITEM,167.0
1442,9534,2026-03-19 22:03:00,DELAY,50.15
1443,9539,2026-03-20 11:45:00,MISSING_ITEM,703.0
1444,9542,2026-03-20 16:05:00,MISSING_ITEM,97.66
1445,9548,2026-03-20 18:35:00,MISSING_ITEM,726.04
1446,9550,2026-03-20 19:43:00,MISSING_ITEM,358.75
1447,9562,2026-03-20 18:13:00,DELAY,184.95
1448,9566,2026-03-20 10:24:00,DELAY,176.02
1449,9574,2026-03-20 13:48:00,CUSTOMER_CANCEL,318.45
1450,9584,2026-03-20 12:02:00,MISSING_ITEM,237.76
1451,9588,2026-03-20 16:57:00,CUSTOMER_CANCEL,346.34
1452,9593,2026-03-20 12:24:00,DELAY,389.83
1453,9602,2026-03-20 10:00:00,CUSTOMER_CANCEL,140.54
1454,9605,2026-03-21 01:12:00,CUSTOMER_CANCEL,405.81
1455,9612,2026-03-20 21:04:00,MISSING_ITEM,319.69
1456,9613,2026-03-20 20:14:00,CUSTOMER_CANCEL,170.62
1457,9619,2026-03-20 20:28:00,DELAY,160.84
1458,9625,2026-03-20 23:14:00,DELAY,465.81
1459,9628,2026-03-20 13:40:00,MISSING_ITEM,298.45
1460,9629,2026-03-20 11:43:00,DELAY,209.7
1461,9630,2026-03-20 10:41:00,DELAY,516.53
1462,9644,2026-03-20 11:58:00,DELAY,717.61
1463,9646,2026-03-20 11:50:00,DELAY,199.46
1464,9654,2026-03-20 22:06:00,MISSING_ITEM,252.35
1465,9656,2026-03-20 18:16:00,CUSTOMER_CANCEL,376.64
1466,9669,2026-03-20 09:28:00,CUSTOMER_CANCEL,405.36
1467,9670,2026-03-20 21:19:00,DELAY,369.12
1468,9691,2026-03-20 11:41:00,CUSTOMER_CANCEL,173.9
1469,9713,2026-03-20 15:20:00,CUSTOMER_CANCEL,161.08
1470,9734,2026-03-21 08:58:00,MISSING_ITEM,160.9
1471,9737,2026-03-21 15:10:00,MISSING_ITEM,210.26
1472,9745,2026-03-21 14:14:00,MISSING_ITEM,501.25
1473,9749,2026-03-21 16:31:00,DELAY,204.24
1474,9750,2026-03-21 20:44:00,CUSTOMER_CANCEL,239.68
1475,9752,2026-03-21 15:57:00,CUSTOMER_CANCEL,606.41
1476,9754,2026-03-21 12:09:00,MISSING_ITEM,151.33
1477,9765,2026-03-21 19:15:00,DELAY,423.78
1478,9771,2026-03-21 21:21:00,DELAY,461.02
1479,9772,2026-03-21 17:53:00,MISSING_ITEM,86.81
1480,9777,2026-03-21 19:43:00,CUSTOMER_CANCEL,201.87
1481,9788,2026-03-21 23:30:00,CUSTOMER_CANCEL,215.61
1482,9811,2026-03-21 09:49:00,DELAY,156.41
1483,9820,2026-03-21 12:40:00,MISSING_ITEM,383.22
1484,9833,2026-03-21 18:19:00,CUSTOMER_CANCEL,189.73
1485,9838,2026-03-21 12:45:00,MISSING_ITEM,482.22
1486,9843,2026-03-21 23:16:00,CUSTOMER_CANCEL,160.83
1487,9856,2026-03-21 13:29:00,DELAY,312.02
1488,9885,2026-03-22 18:25:00,MISSING_ITEM,307.54
1489,9915,2026-03-22 11:50:00,DELAY,309.76
1490,9919,2026-03-22 18:29:00,DELAY,366.9
1491,9920,2026-03-22 18:29:00,MISSING_ITEM,408.32
1492,9927,2026-03-22 22:37:00,DELAY,595.75
1493,9929,2026-03-22 13:06:00,CUSTOMER_CANCEL,657.53
1494,9931,2026-03-22 16:43:00,CUSTOMER_CANCEL,269.18
1495,9933,2026-03-22 16:21:00,MISSING_ITEM,92.19
1496,9938,2026-03-22 15:38:00,CUSTOMER_CANCEL,68.68
1497,9941,2026-03-23 01:03:00,CUSTOMER_CANCEL,106.9
1498,9945,2026-03-22 18:04:00,MISSING_ITEM,464.79
1499,9960,2026-03-22 14:23:00,MISSING_ITEM,246.48
1500,9963,2026-03-22 14:41:00,DELAY,543.73
1501,9974,2026-03-22 11:26:00,DELAY,339.73
1502,9979,2026-03-23 00:06:00,MISSING_ITEM,545.69
1503,10005,2026-03-23 19:04:00,MISSING_ITEM,502.89
1504,10006,2026-03-23 18:31:00,DELAY,423.22
1505,10023,2026-03-23 14:39:00,DELAY,660.38
1506,10042,2026-03-23 19:52:00,DELAY,451.94
1507,10050,2026-03-23 14:28:00,DELAY,159.49
1508,10057,2026-03-23 19:36:00,MISSING_ITEM,267.39
1509,10058,2026-03-23 22:32:00,CUSTOMER_CANCEL,730.5
1510,10059,2026-03-23 10:03:00,MISSING_ITEM,491.3
1511,10065,2026-03-23 12:10:00,MISSING_ITEM,224.25
1512,10070,2026-03-23 19:33:00,DELAY,329.62
1513,10088,2026-03-23 15:52:00,DELAY,146.42
1514,10089,2026-03-23 14:47:00,CUSTOMER_CANCEL,206.39
1515,10090,2026-03-23 23:37:00,CUSTOMER_CANCEL,294.44
1516,10105,2026-03-23 10:10:00,MISSING_ITEM,326.79
1517,10122,2026-03-23 15:02:00,DELAY,273.84
1518,10134,2026-03-23 12:44:00,CUSTOMER_CANCEL,300.35
1519,10136,2026-03-23 19:14:00,MISSING_ITEM,311.32
1520,10149,2026-03-23 12:56:00,CUSTOMER_CANCEL,218.33
1521,10163,2026-03-23 21:07:00,CUSTOMER_CANCEL,272.96
1522,10167,2026-03-24 01:16:00,DELAY,274.55
1523,10181,2026-03-23 23:01:00,CUSTOMER_CANCEL,535.24
1524,10183,2026-03-23 09:44:00,MISSING_ITEM,253.82
1525,10189,2026-03-23 21:52:00,DELAY,162.3
1526,10190,2026-03-23 20:17:00,MISSING_ITEM,228.15
1527,10196,2026-03-24 14:37:00,CUSTOMER_CANCEL,203.6
1528,10199,2026-03-24 12:59:00,DELAY,346.29
1529,10201,2026-03-25 00:37:00,DELAY,308.74
1530,10212,2026-03-24 11:47:00,DELAY,202.96
1531,10215,2026-03-24 23:36:00,DELAY,786.77
1532,10216,2026-03-24 21:21:00,CUSTOMER_CANCEL,244.6
1533,10221,2026-03-24 16:24:00,MISSING_ITEM,229.22
1534,10222,2026-03-24 12:37:00,MISSING_ITEM,131.43
1535,10228,2026-03-24 09:39:00,MISSING_ITEM,232.28
1536,10234,2026-03-24 09:45:00,MISSING_ITEM,88.68
1537,10235,2026-03-24 23:13:00,MISSING_ITEM,454.8
1538,10237,2026-03-24 11:49:00,DELAY,275.12
1539,10238,2026-03-24 18:40:00,CUSTOMER_CANCEL,489.43
1540,10245,2026-03-24 10:07:00,CUSTOMER_CANCEL,455.23
1541,10251,2026-03-25 00:39:00,DELAY,609.54
1542,10263,2026-03-24 18:59:00,CUSTOMER_CANCEL,86.59
1543,10264,2026-03-24 23:37:00,CUSTOMER_CANCEL,567.07
1544,10266,2026-03-24 21:44:00,MISSING_ITEM,243.06
1545,10269,2026-03-24 14:53:00,DELAY,360.98
1546,10285,2026-03-24 21:59:00,MISSING_ITEM,257.16
1547,10287,2026-03-24 17:07:00,CUSTOMER_CANCEL,249.22
1548,10288,2026-03-24 23:41:00,MISSING_ITEM,160.28
1549,10290,2026-03-24 14:48:00,CUSTOMER_CANCEL,353.9
1550,10297,2026-03-24 18:50:00,CUSTOMER_CANCEL,360.31
1551,10304,2026-03-24 13:41:00,CUSTOMER_CANCEL,390.0
1552,10309,2026-03-24 19:28:00,MISSING_ITEM,389.65
