ticket_id,order_id,ticket_type,created_ts,resolution_status
1,2,MISSING_ITEM,2026-01-23 11:14:00,RESOLVED
2,8,MISSING_ITEM,2026-01-23 10:03:00,RESOLVED
3,10,PAYMENT_ISSUE,2026-01-23 23:57:00,RESOLVED
4,25,DELAY,2026-01-23 19:29:00,OPEN
5,26,WRONG_ORDER,2026-01-23 15:46:00,RESOLVED
6,28,WRONG_ORDER,2026-01-23 18:40:00,RESOLVED
7,39,MISSING_ITEM,2026-01-23 18:35:00,RESOLVED
8,49,PAYMENT_ISSUE,2026-01-23 14:47:00,OPEN
9,50,WRONG_ORDER,2026-01-23 20:21:00,RESOLVED
10,65,DELAY,2026-01-23 22:22:00,RESOLVED
11,69,PAYMENT_ISSUE,2026-01-23 15:36:00,OPEN
12,72,WRONG_ORDER,2026-01-23 13:09:00,OPEN
13,91,PAYMENT_ISSUE,2026-01-23 11:04:00,RESOLVED
14,99,DELAY,2026-01-23 10:51:00,RESOLVED
15,121,DELAY,2026-01-23 16:53:00,RESOLVED
16,122,WRONG_ORDER,2026-01-23 13:05:00,RESOLVED
17,133,PAYMENT_ISSUE,2026-01-23 12:09:00,OPEN
18,139,WRONG_ORDER,2026-01-24 00:09:00,RESOLVED
19,150,DELAY,2026-01-23 21:15:00,RESOLVED
20,157,DELAY,2026-01-23 23:08:00,OPEN
21,172,PAYMENT_ISSUE,2026-01-23 19:18:00,RESOLVED
22,173,DELAY,2026-01-23 14:51:00,RESOLVED
23,174,MISSING_ITEM,2026-01-23 17:56:00,OPEN
24,192,DELAY,2026-01-23 15:28:00,RESOLVED
25,197,WRONG_ORDER,2026-01-23 12:36:00,OPEN
26,204,WRONG_ORDER,2026-01-24 11:46:00,RESOLVED
27,219,WRONG_ORDER,2026-01-24 13:57:00,RESOLVED
28,220,WRONG_ORDER,2026-01-24 18:40:00,RESOLVED
29,224,MISSING_ITEM,2026-01-24 12:19:00,RESOLVED
30,247,PAYMENT_ISSUE,2026-01-24 23:15:00,RESOLVED
31,259,PAYMENT_ISSUE,2026-01-24 17:48:00,OPEN
32,261,WRONG_ORDER,2026-01-24 22:40:00,OPEN
33,265,MISSING_ITEM,2026-01-24 22:42:00,OPEN
34,266,PAYMENT_ISSUE,2026-01-25 00:32:00,OPEN
35,275,MISSING_ITEM,2026-01-24 21:00:00,OPEN
36,311,WRONG_ORDER,2026-01-24 15:12:00,RESOLVED
37,314,DELAY,2026-01-24 16:15:00,OPEN
38,322,PAYMENT_ISSUE,2026-01-24 17:02:00,RESOLVED
39,326,DELAY,2026-01-24 16:31:00,OPEN
40,353,MISSING_ITEM,2026-01-25 21:09:00,OPEN
41,356,WRONG_ORDER,2026-01-25 19:07:00,OPEN
42,366,WRONG_ORDER,2026-01-25 20:53:00,OPEN
43,376,PAYMENT_ISSUE,2026-01-25 22:38:00,RESOLVED
44,384,MISSING_ITEM,2026-01-25 10:41:00,OPEN
45,397,MISSING_ITEM,2026-01-26 00:49:00,RESOLVED
46,403,MISSING_ITEM,2026-01-25 23:08:00,RESOLVED
47,432,PAYMENT_ISSUE,2026-01-25 22:57:00,OPEN
48,433,WRONG_ORDER,2026-01-25 15:02:00,RESOLVED
49,453,MISSING_ITEM,2026-01-25 17:43:00,OPEN
50,475,MISSING_ITEM,2026-01-25 15:35:00,OPEN
51,503,MISSING_ITEM,2026-01-26 17:54:00,OPEN
52,504,WRONG_ORDER,2026-01-26 11:15:00,RESOLVED
53,508,PAYMENT_ISSUE,2026-01-26 09:41:00,OPEN
54,511,DELAY,2026-01-26 16:53:00,RESOLVED
55,513,DELAY,2026-01-26 21:44:00,RESOLVED
56,538,PAYMENT_ISSUE,2026-01-26 15:26:00,OPEN
57,541,WRONG_ORDER,2026-01-26 17:20:00,OPEN
58,542,WRONG_ORDER,2026-01-26 21:56:00,RESOLVED
59,548,WRONG_ORDER,2026-01-26 16:51:00,OPEN
60,560,DELAY,2026-01-26 20:18:00,OPEN
61,581,WRONG_ORDER,2026-01-26 15:27:00,OPEN
62,607,PAYMENT_ISSUE,2026-01-26 22:47:00,RESOLVED
63,622,WRONG_ORDER,2026-01-26 17:39:00,OPEN
64,641,PAYMENT_ISSUE,2026-01-27 10:47:00,OPEN
65,652,DELAY,2026-01-27 18:04:00,RESOLVED
66,669,MISSING_ITEM,2026-01-27 17:20:00,OPEN
67,673,DELAY,2026-01-27 12:55:00,OPEN
68,676,DELAY,2026-01-27 15:51:00,OPEN
69,697,WRONG_ORDER,2026-01-27 20:02:00,OPEN
70,708,PAYMENT_ISSUE,2026-01-27 22:57:00,OPEN
71,709,DELAY,2026-01-28 00:59:00,OPEN
72,722,DELAY,2026-01-27 23:36:00,OPEN
73,724,MISSING_ITEM,2026-01-27 14:38:00,RESOLVED
74,742,PAYMENT_ISSUE,2026-01-27 20:46:00,OPEN
75,743,DELAY,2026-01-27 10:47:00,OPEN
76,753,WRONG_ORDER,2026-01-27 16:21:00,RESOLVED
77,760,WRONG_ORDER,2026-01-27 17:40:00,OPEN
78,786,MISSING_ITEM,2026-01-27 11:45:00,RESOLVED
79,789,DELAY,2026-01-27 23:21:00,RESOLVED
80,794,MISSING_ITEM,2026-01-27 19:33:00,RESOLVED
81,811,DELAY,2026-01-28 17:12:00,RESOLVED
82,821,WRONG_ORDER,2026-01-29 02:01:00,OPEN
83,823,PAYMENT_ISSUE,2026-01-28 21:41:00,OPEN
84,827,WRONG_ORDER,2026-01-28 21:54:00,RESOLVED
85,828,WRONG_ORDER,2026-01-28 09:42:00,OPEN
86,833,DELAY,2026-01-28 15:55:00,RESOLVED
87,846,DELAY,2026-01-28 19:41:00,OPEN
88,847,MISSING_ITEM,2026-01-28 22:40:00,RESOLVED
89,875,WRONG_ORDER,2026-01-28 19:12:00,RESOLVED
90,880,PAYMENT_ISSUE,2026-01-28 22:18:00,RESOLVED
91,883,MISSING_ITEM,2026-01-28 12:43:00,OPEN
92,890,MISSING_ITEM,2026-01-28 21:47:00,RESOLVED
93,892,WRONG_ORDER,2026-01-28 19:07:00,OPEN
94,904,DELAY,2026-01-28 20:15:00,RESOLVED
95,923,PAYMENT_ISSUE,2026-01-28 17:04:00,OPEN
96,927,MISSING_ITEM,2026-01-28 10:07:00,OPEN
97,930,MISSING_ITEM,2026-01-28 11:18:00,OPEN
98,965,WRONG_ORDER,2026-01-28 22:05:00,OPEN
99,968,PAYMENT_ISSUE,2026-01-28 11:51:00,RESOLVED
100,969,DELAY,2026-01-28 16:06:00,RESOLVED
101,982,WRONG_ORDER,2026-01-28 15:03:00,RESOLVED
102,997,PAYMENT_ISSUE,2026-01-29 14:07:00,OPEN
103,1003,MISSING_ITEM,2026-01-29 13:03:00,OPEN
104,1009,PAYMENT_ISSUE,2026-01-29 12:28:00,OPEN
105,1026,DELAY,2026-01-29 11:27:00,OPEN
106,1036,MISSING_ITEM,2026-01-29 16:46:00,OPEN
107,1057,WRONG_ORDER,2026-01-29 23:02:00,RESOLVED
108,1061,WRONG_ORDER,2026-01-29 21:24:00,OPEN
109,1069,PAYMENT_ISSUE,2026-01-29 13:53:00,OPEN
110,1073,WRONG_ORDER,2026-01-29 10:13:00,RESOLVED
111,1081,DELAY,2026-01-29 21:55:00,OPEN
112,1093,DELAY,2026-01-29 17:22:00,RESOLVED
113,1096,MISSING_ITEM,2026-01-29 12:03:00,OPEN
114,1105,DELAY,2026-01-29 22:23:00,OPEN
115,1108,WRONG_ORDER,2026-01-29 17:08:00,RESOLVED
116,1114,WRONG_ORDER,2026-01-29 11:32:00,RESOLVED
117,1123,DELAY,2026-01-29 19:29:00,RESOLVED
118,1130,MISSING_ITEM,2026-01-29 22:54:00,OPEN
119,1148,MISSING_ITEM,2026-01-30 11:17:00,OPEN
120,1150,WRONG_ORDER,2026-01-31 01:23:00,OPEN
121,1162,PAYMENT_ISSUE,2026-01-30 23:40:00,OPEN
122,1166,PAYMENT_ISSUE,2026-01-30 22:28:00,RESOLVED
123,1172,PAYMENT_ISSUE,2026-01-30 17:05:00,OPEN
124,1197,WRONG_ORDER,2026-01-30 21:30:00,OPEN
125,1218,PAYMENT_ISSUE,2026-01-30 22:50:00,OPEN
126,1221,DELAY,2026-01-30 16:13:00,OPEN
127,1241,WRONG_ORDER,2026-01-30 17:46:00,RESOLVED
128,1244,MISSING_ITEM,2026-01-30 19:02:00,RESOLVED
129,1250,DELAY,2026-01-30 15:53:00,RESOLVED
130,1257,WRONG_ORDER,2026-01-30 23:34:00,OPEN
131,1262,MISSING_ITEM,2026-01-30 09:10:00,OPEN
132,1279,PAYMENT_ISSUE,2026-01-30 17:17:00,RESOLVED
133,1291,PAYMENT_ISSUE,2026-01-30 10:42:00,RESOLVED
134,1294,PAYMENT_ISSUE,2026-01-31 01:18:00,OPEN
135,1306,PAYMENT_ISSUE,2026-01-30 20:37:00,OPEN
136,1311,WRONG_ORDER,2026-01-30 12:32:00,OPEN
137,1316,WRONG_ORDER,2026-01-30 16:49:00,OPEN
138,1332,DELAY,2026-01-31 00:22:00,OPEN
139,1337,WRONG_ORDER,2026-01-31 22:55:00,RESOLVED
140,1346,DELAY,2026-01-31 14:16:00,RESOLVED
141,1347,PAYMENT_ISSUE,2026-01-31 18:05:00,RESOLVED
142,1392,WRONG_ORDER,2026-01-31 16:46:00,OPEN
143,1403,MISSING_ITEM,2026-01-31 13:27:00,RESOLVED
144,1404,WRONG_ORDER,2026-01-31 15:19:00,OPEN
145,1407,MISSING_ITEM,2026-01-31 11:33:00,OPEN
146,1415,MISSING_ITEM,2026-01-31 13:21:00,RESOLVED
147,1428,DELAY,2026-01-31 22:51:00,OPEN
148,1451,DELAY,2026-02-01 00:32:00,RESOLVED
149,1455,MISSING_ITEM,2026-01-31 10:59:00,OPEN
150,1460,WRONG_ORDER,2026-01-31 19:14:00,RESOLVED
151,1461,PAYMENT_ISSUE,2026-01-31 14:33:00,OPEN
152,1503,PAYMENT_ISSUE,2026-01-31 10:04:00,OPEN
153,1508,DELAY,2026-01-31 21:38:00,RESOLVED
154,1510,DELAY,2026-02-01 00:48:00,RESOLVED
155,1512,DELAY,2026-01-31 17:25:00,OPEN
156,1534,WRONG_ORDER,2026-01-31 19:38:00,OPEN
157,1549,DELAY,2026-02-01 10:05:00,RESOLVED
158,1555,MISSING_ITEM,2026-02-01 10:32:00,RESOLVED
159,1578,PAYMENT_ISSUE,2026-02-01 14:31:00,OPEN
160,1589,PAYMENT_ISSUE,2026-02-01 20:26:00,RESOLVED
161,1593,WRONG_ORDER,2026-02-01 18:28:00,RESOLVED
162,1596,DELAY,2026-02-01 12:02:00,RESOLVED
163,1605,DELAY,2026-02-01 20:44:00,OPEN
164,1625,MISSING_ITEM,2026-02-01 10:52:00,RESOLVED
165,1650,DELAY,2026-02-01 12:53:00,RESOLVED
166,1656,PAYMENT_ISSUE,2026-02-01 12:04:00,OPEN
167,1657,PAYMENT_ISSUE,2026-02-01 19:27:00,OPEN
168,1658,PAYMENT_ISSUE,2026-02-01 22:17:00,RESOLVED
169,1659,WRONG_ORDER,2026-02-01 23:41:00,RESOLVED
170,1672,PAYMENT_ISSUE,2026-02-01 11:54:00,RESOLVED
171,1680,PAYMENT_ISSUE,2026-02-01 18:14:00,OPEN
172,1681,MISSING_ITEM,2026-02-01 17:05:00,RESOLVED
173,1687,DELAY,2026-02-01 19:17:00,RESOLVED
174,1692,WRONG_ORDER,2026-02-01 18:04:00,RESOLVED
175,1695,MISSING_ITEM,2026-02-01 23:10:00,OPEN
176,1707,DELAY,2026-02-01 13:51:00,RESOLVED
177,1715,PAYMENT_ISSUE,2026-02-02 12:57:00,OPEN
178,1725,MISSING_ITEM,2026-02-02 12:55:00,OPEN
179,1731,PAYMENT_ISSUE,2026-02-02 13:27:00,OPEN
180,1734,PAYMENT_ISSUE,2026-02-02 17:25:00,OPEN
181,1736,DELAY,2026-02-03 00:31:00,OPEN
182,1738,PAYMENT_ISSUE,2026-02-02 19:56:00,RESOLVED
183,1760,WRONG_ORDER,2026-02-02 21:03:00,OPEN
184,1803,PAYMENT_ISSUE,2026-02-02 22:28:00,OPEN
185,1808,DELAY,2026-02-02 21:37:00,RESOLVED
186,1813,PAYMENT_ISSUE,2026-02-03 00:37:00,OPEN
187,1816,MISSING_ITEM,2026-02-02 09:59:00,RESOLVED
188,1823,WRONG_ORDER,2026-02-02 14:16:00,OPEN
189,1825,WRONG_ORDER,2026-02-02 21:36:00,OPEN
190,1830,PAYMENT_ISSUE,2026-02-02 12:37:00,OPEN
191,1831,DELAY,2026-02-02 22:05:00,RESOLVED
192,1847,MISSING_ITEM,2026-02-02 14:01:00,OPEN
193,1854,MISSING_ITEM,2026-02-02 16:29:00,OPEN
194,1871,WRONG_ORDER,2026-02-02 17:20:00,RESOLVED
195,1905,WRONG_ORDER,2026-02-02 18:09:00,RESOLVED
196,1925,WRONG_ORDER,2026-02-03 10:23:00,RESOLVED
197,1939,WRONG_ORDER,2026-02-03 17:37:00,RESOLVED
198,1947,DELAY,2026-02-03 20:07:00,OPEN
199,1963,WRONG_ORDER,2026-02-03 10:54:00,OPEN
200,1969,WRONG_ORDER,2026-02-04 01:16:00,RESOLVED
201,1983,PAYMENT_ISSUE,2026-02-03 18:34:00,RESOLVED
202,1987,MISSING_ITEM,2026-02-04 00:04:00,RESOLVED
203,1992,WRONG_ORDER,2026-02-03 15:04:00,RESOLVED
204,2002,DELAY,2026-02-03 10:31:00,RESOLVED
205,2006,DELAY,2026-02-03 20:58:00,OPEN
206,2010,DELAY,2026-02-03 16:20:00,OPEN
207,2018,DELAY,2026-02-03 21:29:00,RESOLVED
208,2026,MISSING_ITEM,2026-02-03 14:34:00,RESOLVED
209,2033,WRONG_ORDER,2026-02-03 11:56:00,RESOLVED
210,2041,PAYMENT_ISSUE,2026-02-03 21:49:00,OPEN
211,2057,DELAY,2026-02-03 23:33:00,OPEN
212,2070,MISSING_ITEM,2026-02-03 10:32:00,RESOLVED
213,2076,PAYMENT_ISSUE,2026-02-03 13:02:00,RESOLVED
214,2077,PAYMENT_ISSUE,2026-02-03 13:50:00,RESOLVED
215,2097,WRONG_ORDER,2026-02-05 00:59:00,RESOLVED
216,2103,MISSING_ITEM,2026-02-05 01:17:00,OPEN
217,2110,MISSING_ITEM,2026-02-04 20:51:00,RESOLVED
218,2124,DELAY,2026-02-04 10:08:00,RESOLVED
219,2129,WRONG_ORDER,2026-02-04 11:43:00,OPEN
220,2132,WRONG_ORDER,2026-02-04 21:17:00,OPEN
221,2144,WRONG_ORDER,2026-02-04 16:35:00,RESOLVED
222,2146,PAYMENT_ISSUE,2026-02-04 17:03:00,OPEN
223,2151,WRONG_ORDER,2026-02-04 19:40:00,RESOLVED
224,2152,PAYMENT_ISSUE,2026-02-04 15:01:00,OPEN
225,2160,MISSING_ITEM,2026-02-05 00:36:00,RESOLVED
226,2182,WRONG_ORDER,2026-02-04 23:40:00,RESOLVED
227,2189,WRONG_ORDER,2026-02-04 17:25:00,RESOLVED
228,2190,PAYMENT_ISSUE,2026-02-04 16:24:00,RESOLVED
229,2191,MISSING_ITEM,2026-02-04 10:06:00,RESOLVED
230,2192,MISSING_ITEM,2026-02-04 12:24:00,RESOLVED
231,2200,MISSING_ITEM,2026-02-04 22:42:00,OPEN
232,2202,DELAY,2026-02-04 12:19:00,RESOLVED
233,2204,PAYMENT_ISSUE,2026-02-04 12:06:00,OPEN
234,2219,MISSING_ITEM,2026-02-04 18:01:00,OPEN
235,2239,WRONG_ORDER,2026-02-04 12:31:00,RESOLVED
236,2246,PAYMENT_ISSUE,2026-02-04 17:46:00,OPEN
237,2265,MISSING_ITEM,2026-02-05 13:48:00,RESOLVED
238,2266,DELAY,2026-02-05 20:46:00,OPEN
239,2274,MISSING_ITEM,2026-02-05 11:14:00,RESOLVED
240,2306,WRONG_ORDER,2026-02-05 12:29:00,RESOLVED
241,2311,WRONG_ORDER,2026-02-06 00:16:00,RESOLVED
242,2318,MISSING_ITEM,2026-02-05 15:35:00,RESOLVED
243,2322,PAYMENT_ISSUE,2026-02-05 18:07:00,RESOLVED
244,2333,WRONG_ORDER,2026-02-05 16:43:00,RESOLVED
245,2336,PAYMENT_ISSUE,2026-02-05 13:24:00,RESOLVED
246,2340,PAYMENT_ISSUE,2026-02-05 15:54:00,RESOLVED
247,2345,MISSING_ITEM,2026-02-05 20:33:00,RESOLVED
248,2352,PAYMENT_ISSUE,2026-02-05 11:12:00,RESOLVED
249,2353,PAYMENT_ISSUE,2026-02-05 20:43:00,RESOLVED
250,2358,WRONG_ORDER,2026-02-05 10:58:00,RESOLVED
251,2370,PAYMENT_ISSUE,2026-02-05 13:53:00,OPEN
252,2373,DELAY,2026-02-05 16:50:00,RESOLVED
253,2379,PAYMENT_ISSUE,2026-02-05 16:09:00,OPEN
254,2385,MISSING_ITEM,2026-02-05 18:19:00,RESOLVED
255,2392,PAYMENT_ISSUE,2026-02-05 09:58:00,RESOLVED
256,2399,PAYMENT_ISSUE,2026-02-05 19:42:00,OPEN
257,2403,PAYMENT_ISSUE,2026-02-05 23:28:00,RESOLVED
258,2419,PAYMENT_ISSUE,2026-02-05 12:47:00,RESOLVED
259,2426,WRONG_ORDER,2026-02-05 21:02:00,OPEN
260,2427,WRONG_ORDER,2026-02-05 18:00:00,OPEN
261,2439,MISSING_ITEM,2026-02-05 22:47:00,OPEN
262,2451,MISSING_ITEM,2026-02-05 18:51:00,RESOLVED
263,2461,PAYMENT_ISSUE,2026-02-05 16:30:00,OPEN
264,2480,DELAY,2026-02-06 16:34:00,OPEN
265,2484,WRONG_ORDER,2026-02-06 16:23:00,OPEN
266,2502,WRONG_ORDER,2026-02-07 00:12:00,OPEN
267,2521,MISSING_ITEM,2026-02-07 00:36:00,OPEN
268,2533,WRONG_ORDER,2026-02-06 22:34:00,RESOLVED
269,2546,DELAY,2026-02-06 16:29:00,OPEN
270,2552,MISSING_ITEM,2026-02-06 16:32:00,RESOLVED
271,2560,MISSING_ITEM,2026-02-06 15:50:00,OPEN
272,2562,MISSING_ITEM,2026-02-06 21:21:00,RESOLVED
273,2572,MISSING_ITEM,2026-02-07 00:50:00,OPEN
274,2577,MISSING_ITEM,2026-02-06 14:30:00,RESOLVED
275,2607,WRONG_ORDER,2026-02-06 20:24:00,RESOLVED
276,2609,DELAY,2026-02-06 16:31:00,RESOLVED
277,2637,MISSING_ITEM,2026-02-06 21:47:00,OPEN
278,2639,DELAY,2026-02-06 14:38:00,RESOLVED
279,2643,DELAY,2026-02-06 19:56:00,RESOLVED
280,2649,DELAY,2026-02-06 16:00:00,OPEN
281,2656,MISSING_ITEM,2026-02-06 13:32:00,OPEN
282,2661,MISSING_ITEM,2026-02-06 15:15:00,RESOLVED
283,2672,DELAY,2026-02-06 19:39:00,OPEN
284,2688,WRONG_ORDER,2026-02-07 19:29:00,RESOLVED
285,2699,MISSING_ITEM,2026-02-07 15:20:00,OPEN
286,2706,MISSING_ITEM,2026-02-07 22:06:00,OPEN
287,2709,WRONG_ORDER,2026-02-07 16:56:00,RESOLVED
288,2716,PAYMENT_ISSUE,2026-02-07 16:16:00,RESOLVED
289,2725,WRONG_ORDER,2026-02-07 13:25:00,RESOLVED
290,2738,MISSING_ITEM,2026-02-07 12:31:00,RESOLVED
291,2745,PAYMENT_ISSUE,2026-02-07 17:26:00,RESOLVED
292,2758,DELAY,2026-02-08 00:10:00,OPEN
293,2763,PAYMENT_ISSUE,2026-02-07 21:15:00,OPEN
294,2814,DELAY,2026-02-08 22:20:00,OPEN
295,2826,DELAY,2026-02-08 10:29:00,RESOLVED
296,2840,MISSING_ITEM,2026-02-08 13:31:00,OPEN
297,2867,WRONG_ORDER,2026-02-08 23:10:00,OPEN
298,2870,MISSING_ITEM,2026-02-08 20:01:00,RESOLVED
299,2893,PAYMENT_ISSUE,2026-02-08 16:08:00,RESOLVED
300,2902,MISSING_ITEM,2026-02-08 19:54:00,OPEN
301,2908,MISSING_ITEM,2026-02-08 15:15:00,RESOLVED
302,2922,MISSING_ITEM,2026-02-08 20:53:00,OPEN
303,2930,DELAY,2026-02-08 12:30:00,RESOLVED
304,2936,DELAY,2026-02-08 23:11:00,OPEN
305,2939,PAYMENT_ISSUE,2026-02-08 12:11:00,OPEN
306,2941,MISSING_ITEM,2026-02-08 19:22:00,RESOLVED
307,2953,MISSING_ITEM,2026-02-09 00:28:00,RESOLVED
308,2954,PAYMENT_ISSUE,2026-02-09 00:33:00,RESOLVED
309,2975,MISSING_ITEM,2026-02-08 09:49:00,OPEN
310,2981,WRONG_ORDER,2026-02-08 21:36:00,OPEN
311,2990,MISSING_ITEM,2026-02-09 23:52:00,OPEN
312,3001,MISSING_ITEM,2026-02-09 18:40:00,RESOLVED
313,3004,DELAY,2026-02-09 23:34:00,RESOLVED
314,3009,PAYMENT_ISSUE,2026-02-09 15:39:00,RESOLVED
315,3035,MISSING_ITEM,2026-02-09 19:43:00,RESOLVED
316,3042,WRONG_ORDER,2026-02-10 00:00:00,RESOLVED
317,3066,WRONG_ORDER,2026-02-09 14:32:00,RESOLVED
318,3112,PAYMENT_ISSUE,2026-02-09 15:47:00,RESOLVED
319,3119,DELAY,2026-02-10 00:41:00,RESOLVED
320,3120,MISSING_ITEM,2026-02-09 23:26:00,RESOLVED
321,3126,PAYMENT_ISSUE,2026-02-09 11:30:00,RESOLVED
322,3139,PAYMENT_ISSUE,2026-02-10 11:06:00,OPEN
323,3145,MISSING_ITEM,2026-02-10 18:32:00,OPEN
324,3178,DELAY,2026-02-10 19:35:00,RESOLVED
325,3182,MISSING_ITEM,2026-02-10 23:55:00,OPEN
326,3183,PAYMENT_ISSUE,2026-02-10 14:32:00,OPEN
327,3196,MISSING_ITEM,2026-02-10 18:08:00,RESOLVED
328,3201,PAYMENT_ISSUE,2026-02-10 11:06:00,OPEN
329,3205,DELAY,2026-02-10 19:35:00,RESOLVED
330,3216,PAYMENT_ISSUE,2026-02-10 15:03:00,RESOLVED
331,3270,PAYMENT_ISSUE,2026-02-10 15:12:00,RESOLVED
332,3273,WRONG_ORDER,2026-02-10 14:00:00,OPEN
333,3284,PAYMENT_ISSUE,2026-02-11 15:47:00,RESOLVED
334,3293,PAYMENT_ISSUE,2026-02-11 20:03:00,RESOLVED
335,3312,MISSING_ITEM,2026-02-11 12:15:00,OPEN
336,3318,PAYMENT_ISSUE,2026-02-12 00:02:00,RESOLVED
337,3329,PAYMENT_ISSUE,2026-02-11 22:38:00,RESOLVED
338,3336,WRONG_ORDER,2026-02-11 18:04:00,RESOLVED
339,3346,WRONG_ORDER,2026-02-11 22:52:00,OPEN
340,3355,WRONG_ORDER,2026-02-11 19:37:00,RESOLVED
341,3376,DELAY,2026-02-11 10:27:00,RESOLVED
342,3382,WRONG_ORDER,2026-02-11 21:50:00,RESOLVED
343,3388,WRONG_ORDER,2026-02-11 23:36:00,OPEN
344,3407,WRONG_ORDER,2026-02-11 10:01:00,OPEN
345,3410,WRONG_ORDER,2026-02-11 13:23:00,OPEN
346,3412,PAYMENT_ISSUE,2026-02-11 12:26:00,OPEN
347,3413,WRONG_ORDER,2026-02-11 16:27:00,RESOLVED
348,3424,MISSING_ITEM,2026-02-11 21:08:00,OPEN
349,3437,DELAY,2026-02-11 13:24:00,RESOLVED
350,3442,MISSING_ITEM,2026-02-11 10:48:00,RESOLVED
351,3453,DELAY,2026-02-11 17:53:00,OPEN
352,3458,PAYMENT_ISSUE,2026-02-11 12:25:00,OPEN
353,3463,MISSING_ITEM,2026-02-12 14:10:00,OPEN
354,3475,MISSING_ITEM,2026-02-12 22:32:00,RESOLVED
355,3478,DELAY,2026-02-12 21:39:00,OPEN
356,3480,PAYMENT_ISSUE,2026-02-12 20:11:00,RESOLVED
357,3482,PAYMENT_ISSUE,2026-02-12 09:50:00,RESOLVED
358,3487,MISSING_ITEM,2026-02-12 12:49:00,RESOLVED
359,3512,PAYMENT_ISSUE,2026-02-12 09:22:00,OPEN
360,3524,PAYMENT_ISSUE,2026-02-12 15:19:00,RESOLVED
361,3533,MISSING_ITEM,2026-02-12 23:21:00,RESOLVED
362,3536,PAYMENT_ISSUE,2026-02-12 16:27:00,OPEN
363,3542,PAYMENT_ISSUE,2026-02-12 12:28:00,RESOLVED
364,3550,WRONG_ORDER,2026-02-12 11:56:00,RESOLVED
365,3553,DELAY,2026-02-12 18:07:00,RESOLVED
366,3602,WRONG_ORDER,2026-02-12 12:41:00,RESOLVED
367,3603,WRONG_ORDER,2026-02-12 23:37:00,RESOLVED
368,3609,MISSING_ITEM,2026-02-12 18:13:00,RESOLVED
369,3621,WRONG_ORDER,2026-02-12 17:51:00,OPEN
370,3632,DELAY,2026-02-12 22:48:00,OPEN
371,3637,PAYMENT_ISSUE,2026-02-12 14:13:00,RESOLVED
372,3642,DELAY,2026-02-12 21:12:00,OPEN
373,3678,MISSING_ITEM,2026-02-13 23:01:00,RESOLVED
374,3681,DELAY,2026-02-13 14:26:00,OPEN
375,3683,MISSING_ITEM,2026-02-13 22:23:00,RESOLVED
376,3695,WRONG_ORDER,2026-02-13 20:55:00,RESOLVED
377,3698,WRONG_ORDER,2026-02-13 11:18:00,OPEN
378,3700,PAYMENT_ISSUE,2026-02-13 16:40:00,RESOLVED
379,3707,PAYMENT_ISSUE,2026-02-13 09:59:00,RESOLVED
380,3708,WRONG_ORDER,2026-02-13 10:52:00,OPEN
381,3711,WRONG_ORDER,2026-02-13 21:44:00,OPEN
382,3721,WRONG_ORDER,2026-02-13 15:23:00,RESOLVED
383,3725,MISSING_ITEM,2026-02-13 15:17:00,OPEN
384,3783,WRONG_ORDER,2026-02-13 18:42:00,OPEN
385,3806,PAYMENT_ISSUE,2026-02-13 09:11:00,OPEN
386,3808,PAYMENT_ISSUE,2026-02-13 23:48:00,RESOLVED
387,3812,PAYMENT_ISSUE,2026-02-14 18:10:00,OPEN
388,3823,DELAY,2026-02-15 01:03:00,RESOLVED
389,3872,MISSING_ITEM,2026-02-14 19:15:00,RESOLVED
390,3876,DELAY,2026-02-14 14:03:00,RESOLVED
391,3883,DELAY,2026-02-14 16:53:00,RESOLVED
392,3889,MISSING_ITEM,2026-02-14 18:08:00,RESOLVED
393,3899,WRONG_ORDER,2026-02-14 23:04:00,OPEN
394,3904,MISSING_ITEM,2026-02-14 14:02:00,RESOLVED
395,3934,PAYMENT_ISSUE,2026-02-14 20:45:00,RESOLVED
396,3939,MISSING_ITEM,2026-02-14 17:08:00,RESOLVED
397,3943,WRONG_ORDER,2026-02-14 14:01:00,RESOLVED
398,3955,PAYMENT_ISSUE,2026-02-14 15:43:00,RESOLVED
399,3975,MISSING_ITEM,2026-02-14 12:47:00,OPEN
400,3983,WRONG_ORDER,2026-02-14 22:09:00,OPEN
401,3989,DELAY,2026-02-14 13:08:00,OPEN
402,4000,MISSING_ITEM,2026-02-16 00:09:00,RESOLVED
403,4005,DELAY,2026-02-15 17:46:00,OPEN
404,4007,WRONG_ORDER,2026-02-15 13:49:00,RESOLVED
405,4019,DELAY,2026-02-16 01:06:00,RESOLVED
406,4030,PAYMENT_ISSUE,2026-02-15 10:57:00,RESOLVED
407,4032,PAYMENT_ISSUE,2026-02-15 17:34:00,RESOLVED
408,4043,MISSING_ITEM,2026-02-15 23:30:00,RESOLVED
409,4062,DELAY,2026-02-15 18:35:00,OPEN
410,4073,PAYMENT_ISSUE,2026-02-15 13:07:00,OPEN
411,4079,PAYMENT_ISSUE,2026-02-15 21:28:00,OPEN
412,4091,MISSING_ITEM,2026-02-15 17:52:00,OPEN
413,4093,PAYMENT_ISSUE,2026-02-15 09:18:00,OPEN
414,4096,DELAY,2026-02-15 14:29:00,RESOLVED
415,4117,DELAY,2026-02-15 17:10:00,RESOLVED
416,4140,MISSING_ITEM,2026-02-15 22:31:00,OPEN
417,4157,MISSING_ITEM,2026-02-15 19:57:00,OPEN
418,4173,DELAY,2026-02-15 18:55:00,RESOLVED
419,4177,WRONG_ORDER,2026-02-15 12:36:00,RESOLVED
420,4180,PAYMENT_ISSUE,2026-02-15 12:18:00,OPEN
421,4185,WRONG_ORDER,2026-02-15 15:48:00,OPEN
422,4186,MISSING_ITEM,2026-02-15 14:59:00,RESOLVED
423,4190,DELAY,2026-02-15 18:03:00,RESOLVED
424,4197,MISSING_ITEM,2026-02-15 12:12:00,RESOLVED
425,4205,MISSING_ITEM,2026-02-16 12:17:00,RESOLVED
426,4215,DELAY,2026-02-16 13:48:00,RESOLVED
427,4227,PAYMENT_ISSUE,2026-02-17 00:44:00,OPEN
428,4230,WRONG_ORDER,2026-02-17 00:31:00,OPEN
429,4247,DELAY,2026-02-16 11:15:00,RESOLVED
430,4254,DELAY,2026-02-16 15:31:00,RESOLVED
431,4281,PAYMENT_ISSUE,2026-02-16 22:22:00,OPEN
432,4283,MISSING_ITEM,2026-02-16 12:26:00,OPEN
433,4284,PAYMENT_ISSUE,2026-02-16 19:13:00,RESOLVED
434,4293,WRONG_ORDER,2026-02-16 14:22:00,OPEN
435,4294,MISSING_ITEM,2026-02-16 20:51:00,RESOLVED
436,4309,PAYMENT_ISSUE,2026-02-16 11:47:00,RESOLVED
437,4317,WRONG_ORDER,2026-02-16 12:37:00,RESOLVED
438,4333,MISSING_ITEM,2026-02-16 16:11:00,OPEN
439,4341,DELAY,2026-02-16 15:52:00,OPEN
440,4343,MISSING_ITEM,2026-02-16 15:06:00,OPEN
441,4349,PAYMENT_ISSUE,2026-02-16 12:53:00,RESOLVED
442,4352,MISSING_ITEM,2026-02-16 12:26:00,RESOLVED
443,4354,DELAY,2026-02-16 15:52:00,OPEN
444,4357,DELAY,2026-02-16 14:26:00,OPEN
445,4360,PAYMENT_ISSUE,2026-02-16 16:34:00,OPEN
446,4380,PAYMENT_ISSUE,2026-02-17 11:18:00,RESOLVED
447,4381,DELAY,2026-02-17 10:51:00,RESOLVED
448,4382,WRONG_ORDER,2026-02-17 09:46:00,OPEN
449,4396,WRONG_ORDER,2026-02-17 17:25:00,OPEN
450,4397,MISSING_ITEM,2026-02-18 00:15:00,RESOLVED
451,4407,MISSING_ITEM,2026-02-17 12:10:00,OPEN
452,4411,WRONG_ORDER,2026-02-17 12:45:00,RESOLVED
453,4416,MISSING_ITEM,2026-02-17 10:46:00,RESOLVED
454,4429,MISSING_ITEM,2026-02-17 16:37:00,OPEN
455,4431,PAYMENT_ISSUE,2026-02-18 00:15:00,RESOLVED
456,4444,DELAY,2026-02-17 22:20:00,OPEN
457,4456,PAYMENT_ISSUE,2026-02-17 13:38:00,RESOLVED
458,4469,DELAY,2026-02-17 11:05:00,OPEN
459,4476,MISSING_ITEM,2026-02-17 23:52:00,RESOLVED
460,4478,MISSING_ITEM,2026-02-18 00:31:00,RESOLVED
461,4482,WRONG_ORDER,2026-02-18 01:40:00,RESOLVED
462,4486,PAYMENT_ISSUE,2026-02-19 01:14:00,RESOLVED
463,4494,WRONG_ORDER,2026-02-18 22:35:00,RESOLVED
464,4508,WRONG_ORDER,2026-02-18 13:51:00,OPEN
465,4513,MISSING_ITEM,2026-02-18 09:29:00,OPEN
466,4527,PAYMENT_ISSUE,2026-02-18 18:40:00,OPEN
467,4542,MISSING_ITEM,2026-02-18 23:01:00,OPEN
468,4544,WRONG_ORDER,2026-02-18 14:31:00,RESOLVED
469,4558,WRONG_ORDER,2026-02-18 15:21:00,OPEN
470,4601,MISSING_ITEM,2026-02-19 00:48:00,OPEN
471,4620,DELAY,2026-02-19 01:26:00,OPEN
472,4621,MISSING_ITEM,2026-02-18 14:40:00,OPEN
473,4630,DELAY,2026-02-18 15:54:00,OPEN
474,4645,PAYMENT_ISSUE,2026-02-18 23:06:00,OPEN
475,4653,WRONG_ORDER,2026-02-18 16:09:00,OPEN
476,4660,WRONG_ORDER,2026-02-18 21:03:00,OPEN
477,4686,PAYMENT_ISSUE,2026-02-20 00:03:00,RESOLVED
478,4697,MISSING_ITEM,2026-02-19 12:11:00,RESOLVED
479,4702,PAYMENT_ISSUE,2026-02-19 20:29:00,OPEN
480,4703,DELAY,2026-02-19 23:50:00,RESOLVED
481,4706,WRONG_ORDER,2026-02-19 14:39:00,OPEN
482,4712,WRONG_ORDER,2026-02-19 11:38:00,RESOLVED
483,4713,WRONG_ORDER,2026-02-19 13:52:00,OPEN
484,4733,WRONG_ORDER,2026-02-19 17:09:00,OPEN
485,4752,PAYMENT_ISSUE,2026-02-20 00:26:00,RESOLVED
486,4754,DELAY,2026-02-19 14:53:00,OPEN
487,4757,DELAY,2026-02-19 17:33:00,RESOLVED
488,4764,WRONG_ORDER,2026-02-19 21:04:00,OPEN
489,4770,DELAY,2026-02-19 13:57:00,RESOLVED
490,4775,MISSING_ITEM,2026-02-19 19:42:00,OPEN
491,4793,PAYMENT_ISSUE,2026-02-19 10:32:00,RESOLVED
492,4808,PAYMENT_ISSUE,2026-02-20 01:14:00,RESOLVED
493,4844,DELAY,2026-02-20 20:25:00,OPEN
494,4851,PAYMENT_ISSUE,2026-02-20 21:09:00,OPEN
495,4860,DELAY,2026-02-20 10:57:00,OPEN
496,4864,WRONG_ORDER,2026-02-20 16:13:00,RESOLVED
497,4884,MISSING_ITEM,2026-02-20 19:11:00,OPEN
498,4887,WRONG_ORDER,2026-02-20 19:44:00,OPEN
499,4888,WRONG_ORDER,2026-02-20 21:18:00,OPEN
500,4895,DELAY,2026-02-21 00:01:00,OPEN
501,4898,PAYMENT_ISSUE,2026-02-21 00:49:00,OPEN
502,4922,PAYMENT_ISSUE,2026-02-20 21:50:00,RESOLVED
503,4933,WRONG_ORDER,2026-02-20 19:56:00,OPEN
504,4956,WRONG_ORDER,2026-02-20 16:04:00,OPEN
505,4964,PAYMENT_ISSUE,2026-02-20 17:44:00,OPEN
506,4978,WRONG_ORDER,2026-02-20 18:05:00,RESOLVED
507,4979,MISSING_ITEM,2026-02-20 21:31:00,RESOLVED
508,4982,WRONG_ORDER,2026-02-20 14:02:00,OPEN
509,4988,MISSING_ITEM,2026-02-21 14:22:00,RESOLVED
510,4997,DELAY,2026-02-22 00:10:00,OPEN
511,5022,DELAY,2026-02-21 20:29:00,RESOLVED
512,5039,WRONG_ORDER,2026-02-21 20:27:00,RESOLVED
513,5048,PAYMENT_ISSUE,2026-02-21 21:08:00,OPEN
514,5056,WRONG_ORDER,2026-02-21 20:51:00,OPEN
515,5063,WRONG_ORDER,2026-02-21 15:30:00,OPEN
516,5081,MISSING_ITEM,2026-02-21 12:10:00,OPEN
517,5098,MISSING_ITEM,2026-02-21 22:41:00,RESOLVED
518,5099,PAYMENT_ISSUE,2026-02-21 15:10:00,OPEN
519,5117,MISSING_ITEM,2026-02-21 10:44:00,OPEN
520,5122,WRONG_ORDER,2026-02-21 10:46:00,OPEN
521,5128,DELAY,2026-02-21 11:58:00,OPEN
522,5137,PAYMENT_ISSUE,2026-02-22 13:14:00,OPEN
523,5142,WRONG_ORDER,2026-02-22 22:58:00,RESOLVED
524,5151,PAYMENT_ISSUE,2026-02-22 19:46:00,OPEN
525,5168,DELAY,2026-02-22 21:20:00,RESOLVED
526,5193,MISSING_ITEM,2026-02-22 16:16:00,OPEN
527,5197,DELAY,2026-02-22 22:35:00,OPEN
528,5205,PAYMENT_ISSUE,2026-02-22 13:51:00,OPEN
529,5210,PAYMENT_ISSUE,2026-02-22 16:45:00,OPEN
530,5223,MISSING_ITEM,2026-02-22 09:32:00,RESOLVED
531,5226,MISSING_ITEM,2026-02-22 18:35:00,OPEN
532,5251,PAYMENT_ISSUE,2026-02-22 14:11:00,RESOLVED
533,5257,PAYMENT_ISSUE,2026-02-23 01:02:00,RESOLVED
534,5266,DELAY,2026-02-22 18:27:00,RESOLVED
535,5275,PAYMENT_ISSUE,2026-02-23 19:28:00,RESOLVED
536,5278,WRONG_ORDER,2026-02-23 20:13:00,OPEN
537,5293,DELAY,2026-02-23 21:52:00,RESOLVED
538,5307,DELAY,2026-02-23 13:20:00,RESOLVED
539,5309,DELAY,2026-02-23 14:53:00,RESOLVED
540,5316,MISSING_ITEM,2026-02-23 12:08:00,OPEN
541,5323,MISSING_ITEM,2026-02-23 14:29:00,RESOLVED
542,5336,PAYMENT_ISSUE,2026-02-23 20:52:00,OPEN
543,5338,PAYMENT_ISSUE,2026-02-23 22:13:00,OPEN
544,5371,MISSING_ITEM,2026-02-23 18:09:00,RESOLVED
545,5379,WRONG_ORDER,2026-02-23 16:35:00,OPEN
546,5384,WRONG_ORDER,2026-02-23 13:15:00,OPEN
547,5399,PAYMENT_ISSUE,2026-02-23 16:50:00,RESOLVED
548,5423,WRONG_ORDER,2026-02-23 10:45:00,OPEN
549,5425,PAYMENT_ISSUE,2026-02-23 21:26:00,OPEN
550,5443,WRONG_ORDER,2026-02-23 18:43:00,OPEN
551,5446,MISSING_ITEM,2026-02-24 17:46:00,RESOLVED
552,5474,WRONG_ORDER,2026-02-24 18:12:00,OPEN
553,5480,WRONG_ORDER,2026-02-24 16:09:00,OPEN
554,5483,WRONG_ORDER,2026-02-24 16:10:00,RESOLVED
555,5497,MISSING_ITEM,2026-02-24 19:47:00,RESOLVED
556,5510,PAYMENT_ISSUE,2026-02-24 20:49:00,RESOLVED
557,5511,MISSING_ITEM,2026-02-24 12:40:00,OPEN
558,5513,PAYMENT_ISSUE,2026-02-24 16:54:00,OPEN
559,5531,WRONG_ORDER,2026-02-24 17:19:00,RESOLVED
560,5536,DELAY,2026-02-24 16:21:00,OPEN
561,5540,MISSING_ITEM,2026-02-24 18:20:00,OPEN
562,5541,WRONG_ORDER,2026-02-24 19:40:00,RESOLVED
563,5544,WRONG_ORDER,2026-02-24 11:23:00,RESOLVED
564,5582,MISSING_ITEM,2026-02-25 23:31:00,OPEN
565,5584,MISSING_ITEM,2026-02-25 12:05:00,RESOLVED
566,5590,WRONG_ORDER,2026-02-25 11:23:00,OPEN
567,5596,WRONG_ORDER,2026-02-25 12:14:00,OPEN
568,5599,WRONG_ORDER,2026-02-25 10:21:00,RESOLVED
569,5605,MISSING_ITEM,2026-02-26 00:28:00,RESOLVED
570,5608,PAYMENT_ISSUE,2026-02-25 17:09:00,OPEN
571,5612,MISSING_ITEM,2026-02-25 18:11:00,OPEN
572,5619,PAYMENT_ISSUE,2026-02-25 13:20:00,RESOLVED
573,5621,DELAY,2026-02-25 20:08:00,RESOLVED
574,5637,WRONG_ORDER,2026-02-25 12:58:00,RESOLVED
575,5638,WRONG_ORDER,2026-02-25 14:31:00,OPEN
576,5645,DELAY,2026-02-25 18:04:00,OPEN
577,5646,DELAY,2026-02-25 20:27:00,RESOLVED
578,5668,MISSING_ITEM,2026-02-25 12:35:00,OPEN
579,5673,DELAY,2026-02-25 17:36:00,RESOLVED
580,5688,WRONG_ORDER,2026-02-25 12:24:00,OPEN
581,5696,MISSING_ITEM,2026-02-25 21:04:00,RESOLVED
582,5708,DELAY,2026-02-25 12:34:00,RESOLVED
583,5725,PAYMENT_ISSUE,2026-02-26 00:06:00,OPEN
584,5736,WRONG_ORDER,2026-02-25 17:20:00,RESOLVED
585,5746,DELAY,2026-02-26 01:29:00,RESOLVED
586,5756,MISSING_ITEM,2026-02-25 10:18:00,RESOLVED
587,5762,DELAY,2026-02-26 13:35:00,OPEN
588,5765,DELAY,2026-02-26 12:21:00,OPEN
589,5766,PAYMENT_ISSUE,2026-02-26 20:55:00,RESOLVED
590,5768,WRONG_ORDER,2026-02-26 17:19:00,OPEN
591,5782,WRONG_ORDER,2026-02-26 14:55:00,RESOLVED
592,5784,MISSING_ITEM,2026-02-26 11:33:00,RESOLVED
593,5792,PAYMENT_ISSUE,2026-02-26 21:55:00,OPEN
594,5800,MISSING_ITEM,2026-02-26 20:03:00,RESOLVED
595,5804,MISSING_ITEM,2026-02-26 19:48:00,RESOLVED
596,5807,PAYMENT_ISSUE,2026-02-26 10:07:00,OPEN
597,5817,DELAY,2026-02-26 13:12:00,RESOLVED
598,5828,DELAY,2026-02-26 22:33:00,OPEN
599,5829,MISSING_ITEM,2026-02-26 22:19:00,OPEN
600,5913,WRONG_ORDER,2026-02-26 14:14:00,OPEN
601,5916,WRONG_ORDER,2026-02-26 17:53:00,OPEN
602,5922,MISSING_ITEM,2026-02-26 16:53:00,OPEN
603,5925,DELAY,2026-02-26 12:31:00,OPEN
604,5927,WRONG_ORDER,2026-02-26 23:35:00,RESOLVED
605,5949,MISSING_ITEM,2026-02-27 16:47:00,OPEN
606,5959,PAYMENT_ISSUE,2026-02-27 14:28:00,OPEN
607,5967,WRONG_ORDER,2026-02-28 01:39:00,OPEN
608,5976,MISSING_ITEM,2026-02-27 14:24:00,OPEN
609,5984,MISSING_ITEM,2026-02-27 22:58:00,OPEN
610,5989,MISSING_ITEM,2026-02-27 13:04:00,RESOLVED
611,5992,DELAY,2026-02-27 13:37:00,OPEN
612,5996,WRONG_ORDER,2026-02-27 21:09:00,RESOLVED
613,6004,MISSING_ITEM,2026-02-27 23:47:00,RESOLVED
614,6024,WRONG_ORDER,2026-02-27 17:15:00,OPEN
615,6038,DELAY,2026-02-27 17:46:00,RESOLVED
616,6044,PAYMENT_ISSUE,2026-02-27 16:32:00,OPEN
617,6048,WRONG_ORDER,2026-02-27 09:40:00,OPEN
618,6053,PAYMENT_ISSUE,2026-02-28 01:59:00,OPEN
619,6057,DELAY,2026-02-27 10:25:00,RESOLVED
620,6061,MISSING_ITEM,2026-02-27 22:36:00,OPEN
621,6066,MISSING_ITEM,2026-02-27 13:20:00,OPEN
622,6071,MISSING_ITEM,2026-02-27 23:11:00,OPEN
623,6074,MISSING_ITEM,2026-02-27 14:52:00,OPEN
624,6083,DELAY,2026-02-27 13:55:00,OPEN
625,6088,DELAY,2026-02-27 20:21:00,RESOLVED
626,6114,WRONG_ORDER,2026-02-28 17:53:00,RESOLVED
627,6115,PAYMENT_ISSUE,2026-02-28 14:04:00,OPEN
628,6124,PAYMENT_ISSUE,2026-02-28 19:35:00,RESOLVED
629,6146,PAYMENT_ISSUE,2026-02-28 12:31:00,OPEN
630,6158,WRONG_ORDER,2026-02-28 12:20:00,RESOLVED
631,6163,MISSING_ITEM,2026-02-28 18:31:00,RESOLVED
632,6168,DELAY,2026-02-28 20:01:00,RESOLVED
633,6169,MISSING_ITEM,2026-02-28 21:03:00,RESOLVED
634,6170,MISSING_ITEM,2026-02-28 23:04:00,RESOLVED
635,6196,MISSING_ITEM,2026-02-28 12:36:00,RESOLVED
636,6202,PAYMENT_ISSUE,2026-02-28 22:04:00,RESOLVED
637,6205,WRONG_ORDER,2026-02-28 12:06:00,OPEN
638,6213,DELAY,2026-02-28 14:53:00,OPEN
639,6224,PAYMENT_ISSUE,2026-02-28 12:17:00,RESOLVED
640,6226,DELAY,2026-02-28 11:18:00,RESOLVED
641,6234,PAYMENT_ISSUE,2026-02-28 10:31:00,OPEN
642,6237,PAYMENT_ISSUE,2026-02-28 17:49:00,RESOLVED
643,6248,WRONG_ORDER,2026-02-28 22:33:00,RESOLVED
644,6253,PAYMENT_ISSUE,2026-03-01 20:09:00,RESOLVED
645,6254,PAYMENT_ISSUE,2026-03-01 22:21:00,OPEN
646,6266,MISSING_ITEM,2026-03-01 19:13:00,OPEN
647,6273,PAYMENT_ISSUE,2026-03-01 11:26:00,RESOLVED
648,6280,DELAY,2026-03-01 22:54:00,RESOLVED
649,6301,PAYMENT_ISSUE,2026-03-01 22:12:00,RESOLVED
650,6302,WRONG_ORDER,2026-03-01 21:07:00,RESOLVED
651,6312,DELAY,2026-03-01 21:49:00,OPEN
652,6332,DELAY,2026-03-01 11:41:00,OPEN
653,6347,PAYMENT_ISSUE,2026-03-01 13:53:00,OPEN
654,6356,WRONG_ORDER,2026-03-02 00:48:00,RESOLVED
655,6371,WRONG_ORDER,2026-03-01 14:51:00,RESOLVED
656,6378,MISSING_ITEM,2026-03-01 14:45:00,OPEN
657,6418,PAYMENT_ISSUE,2026-03-01 22:18:00,OPEN
658,6423,WRONG_ORDER,2026-03-01 19:54:00,OPEN
659,6449,DELAY,2026-03-02 19:48:00,RESOLVED
660,6454,PAYMENT_ISSUE,2026-03-02 19:16:00,RESOLVED
661,6472,PAYMENT_ISSUE,2026-03-02 19:35:00,OPEN
662,6475,DELAY,2026-03-02 18:59:00,RESOLVED
663,6479,PAYMENT_ISSUE,2026-03-02 19:44:00,OPEN
664,6481,MISSING_ITEM,2026-03-02 15:37:00,OPEN
665,6486,MISSING_ITEM,2026-03-02 15:16:00,OPEN
666,6488,PAYMENT_ISSUE,2026-03-02 15:36:00,RESOLVED
667,6508,WRONG_ORDER,2026-03-02 20:53:00,OPEN
668,6514,WRONG_ORDER,2026-03-02 20:48:00,OPEN
669,6524,MISSING_ITEM,2026-03-02 16:49:00,RESOLVED
670,6533,WRONG_ORDER,2026-03-02 16:16:00,OPEN
671,6562,WRONG_ORDER,2026-03-02 19:23:00,RESOLVED
672,6565,MISSING_ITEM,2026-03-02 21:28:00,OPEN
673,6573,WRONG_ORDER,2026-03-02 13:49:00,OPEN
674,6587,MISSING_ITEM,2026-03-02 23:13:00,RESOLVED
675,6608,PAYMENT_ISSUE,2026-03-02 17:48:00,OPEN
676,6611,DELAY,2026-03-02 16:24:00,RESOLVED
677,6613,PAYMENT_ISSUE,2026-03-02 14:54:00,RESOLVED
678,6643,WRONG_ORDER,2026-03-03 11:46:00,RESOLVED
679,6663,PAYMENT_ISSUE,2026-03-03 15:19:00,RESOLVED
680,6668,PAYMENT_ISSUE,2026-03-03 20:19:00,OPEN
681,6669,PAYMENT_ISSUE,2026-03-03 19:51:00,RESOLVED
682,6670,MISSING_ITEM,2026-03-03 21:53:00,OPEN
683,6691,PAYMENT_ISSUE,2026-03-03 19:21:00,OPEN
684,6711,WRONG_ORDER,2026-03-03 21:04:00,RESOLVED
685,6742,MISSING_ITEM,2026-03-03 16:14:00,OPEN
686,6743,DELAY,2026-03-03 15:37:00,RESOLVED
687,6750,DELAY,2026-03-03 19:23:00,OPEN
688,6758,WRONG_ORDER,2026-03-04 01:56:00,RESOLVED
689,6779,MISSING_ITEM,2026-03-04 23:12:00,RESOLVED
690,6780,MISSING_ITEM,2026-03-05 01:39:00,RESOLVED
691,6783,WRONG_ORDER,2026-03-04 21:59:00,OPEN
692,6788,PAYMENT_ISSUE,2026-03-04 14:00:00,OPEN
693,6807,MISSING_ITEM,2026-03-05 00:00:00,OPEN
694,6811,PAYMENT_ISSUE,2026-03-04 18:20:00,OPEN
695,6828,WRONG_ORDER,2026-03-04 21:14:00,RESOLVED
696,6834,MISSING_ITEM,2026-03-04 17:57:00,RESOLVED
697,6835,WRONG_ORDER,2026-03-04 15:34:00,OPEN
698,6836,WRONG_ORDER,2026-03-04 20:13:00,RESOLVED
699,6840,WRONG_ORDER,2026-03-04 19:16:00,RESOLVED
700,6844,DELAY,2026-03-04 21:15:00,OPEN
701,6882,PAYMENT_ISSUE,2026-03-04 10:11:00,OPEN
702,6883,DELAY,2026-03-04 10:43:00,RESOLVED
703,6885,DELAY,2026-03-04 20:18:00,RESOLVED
704,6898,WRONG_ORDER,2026-03-04 14:56:00,RESOLVED
705,6899,DELAY,2026-03-04 08:42:00,OPEN
706,6903,DELAY,2026-03-04 23:54:00,RESOLVED
707,6939,MISSING_ITEM,2026-03-04 08:54:00,RESOLVED
708,6945,PAYMENT_ISSUE,2026-03-05 16:51:00,OPEN
709,6965,MISSING_ITEM,2026-03-05 19:51:00,RESOLVED
710,6967,WRONG_ORDER,2026-03-05 12:12:00,OPEN
711,6970,WRONG_ORDER,2026-03-05 20:16:00,RESOLVED
712,6978,DELAY,2026-03-05 14:00:00,RESOLVED
713,6980,WRONG_ORDER,2026-03-05 21:03:00,RESOLVED
714,6983,MISSING_ITEM,2026-03-05 14:53:00,RESOLVED
715,6987,MISSING_ITEM,2026-03-05 11:08:00,RESOLVED
716,6996,MISSING_ITEM,2026-03-05 14:07:00,RESOLVED
717,6998,MISSING_ITEM,2026-03-05 23:32:00,RESOLVED
718,7010,MISSING_ITEM,2026-03-06 00:36:00,RESOLVED
719,7012,MISSING_ITEM,2026-03-05 12:50:00,RESOLVED
720,7023,WRONG_ORDER,2026-03-06 01:29:00,RESOLVED
721,7028,MISSING_ITEM,2026-03-05 14:01:00,RESOLVED
722,7030,DELAY,2026-03-05 14:28:00,RESOLVED
723,7033,DELAY,2026-03-05 18:56:00,OPEN
724,7034,WRONG_ORDER,2026-03-05 15:55:00,OPEN
725,7046,PAYMENT_ISSUE,2026-03-05 17:43:00,RESOLVED
726,7051,MISSING_ITEM,2026-03-05 12:49:00,RESOLVED
727,7070,PAYMENT_ISSUE,2026-03-05 15:17:00,RESOLVED
728,7077,PAYMENT_ISSUE,2026-03-05 13:26:00,OPEN
729,7080,WRONG_ORDER,2026-03-05 20:51:00,OPEN
730,7081,PAYMENT_ISSUE,2026-03-05 14:36:00,OPEN
731,7099,PAYMENT_ISSUE,2026-03-05 11:01:00,OPEN
732,7102,DELAY,2026-03-05 20:42:00,RESOLVED
733,7124,PAYMENT_ISSUE,2026-03-05 14:26:00,RESOLVED
734,7128,PAYMENT_ISSUE,2026-03-06 17:39:00,RESOLVED
735,7131,PAYMENT_ISSUE,2026-03-06 19:43:00,RESOLVED
736,7136,PAYMENT_ISSUE,2026-03-06 15:11:00,OPEN
737,7141,PAYMENT_ISSUE,2026-03-06 16:17:00,RESOLVED
738,7145,WRONG_ORDER,2026-03-06 23:16:00,OPEN
739,7156,MISSING_ITEM,2026-03-07 00:37:00,RESOLVED
740,7165,MISSING_ITEM,2026-03-06 17:34:00,OPEN
741,7171,MISSING_ITEM,2026-03-06 21:14:00,OPEN
742,7174,PAYMENT_ISSUE,2026-03-06 15:18:00,RESOLVED
743,7208,DELAY,2026-03-06 22:07:00,RESOLVED
744,7215,DELAY,2026-03-06 15:09:00,OPEN
745,7239,DELAY,2026-03-06 12:16:00,RESOLVED
746,7240,WRONG_ORDER,2026-03-06 16:35:00,OPEN
747,7248,PAYMENT_ISSUE,2026-03-06 14:06:00,RESOLVED
748,7266,PAYMENT_ISSUE,2026-03-06 09:17:00,RESOLVED
749,7269,DELAY,2026-03-06 15:15:00,OPEN
750,7270,PAYMENT_ISSUE,2026-03-06 15:19:00,OPEN
751,7280,MISSING_ITEM,2026-03-06 22:35:00,RESOLVED
752,7289,WRONG_ORDER,2026-03-07 01:23:00,RESOLVED
753,7292,PAYMENT_ISSUE,2026-03-06 17:35:00,RESOLVED
754,7309,WRONG_ORDER,2026-03-06 14:15:00,RESOLVED
755,7311,MISSING_ITEM,2026-03-06 18:45:00,RESOLVED
756,7351,DELAY,2026-03-07 10:40:00,OPEN
757,7358,WRONG_ORDER,2026-03-07 20:13:00,OPEN
758,7361,WRONG_ORDER,2026-03-07 15:36:00,OPEN
759,7364,DELAY,2026-03-07 22:45:00,OPEN
760,7369,MISSING_ITEM,2026-03-07 14:20:00,RESOLVED
761,7375,PAYMENT_ISSUE,2026-03-07 17:15:00,OPEN
762,7398,DELAY,2026-03-07 20:58:00,RESOLVED
763,7405,PAYMENT_ISSUE,2026-03-07 18:42:00,RESOLVED
764,7414,DELAY,2026-03-07 19:52:00,RESOLVED
765,7431,PAYMENT_ISSUE,2026-03-07 10:33:00,OPEN
766,7450,DELAY,2026-03-07 22:41:00,OPEN
767,7456,DELAY,2026-03-07 18:27:00,RESOLVED
768,7457,PAYMENT_ISSUE,2026-03-07 19:26:00,OPEN
769,7488,PAYMENT_ISSUE,2026-03-07 13:48:00,OPEN
770,7491,MISSING_ITEM,2026-03-07 16:57:00,RESOLVED
771,7497,PAYMENT_ISSUE,2026-03-07 11:34:00,RESOLVED
772,7508,WRONG_ORDER,2026-03-08 16:50:00,RESOLVED
773,7509,WRONG_ORDER,2026-03-08 21:04:00,RESOLVED
774,7523,PAYMENT_ISSUE,2026-03-08 17:22:00,OPEN
775,7534,DELAY,2026-03-08 14:47:00,RESOLVED
776,7550,WRONG_ORDER,2026-03-08 15:56:00,OPEN
777,7573,PAYMENT_ISSUE,2026-03-08 16:10:00,OPEN
778,7575,DELAY,2026-03-08 11:50:00,OPEN
779,7589,WRONG_ORDER,2026-03-08 19:35:00,RESOLVED
780,7606,MISSING_ITEM,2026-03-08 09:26:00,OPEN
781,7610,DELAY,2026-03-08 22:34:00,RESOLVED
782,7618,MISSING_ITEM,2026-03-08 16:42:00,RESOLVED
783,7622,MISSING_ITEM,2026-03-08 18:17:00,OPEN
784,7625,WRONG_ORDER,2026-03-08 17:28:00,OPEN
785,7642,PAYMENT_ISSUE,2026-03-08 10:43:00,OPEN
786,7651,DELAY,2026-03-08 11:00:00,RESOLVED
787,7663,PAYMENT_ISSUE,2026-03-08 12:06:00,RESOLVED
788,7664,DELAY,2026-03-08 09:35:00,OPEN
789,7688,DELAY,2026-03-08 13:25:00,RESOLVED
790,7691,PAYMENT_ISSUE,2026-03-08 17:29:00,OPEN
791,7692,WRONG_ORDER,2026-03-08 13:11:00,OPEN
792,7703,MISSING_ITEM,2026-03-08 19:14:00,RESOLVED
793,7722,PAYMENT_ISSUE,2026-03-09 11:24:00,RESOLVED
794,7728,WRONG_ORDER,2026-03-09 16:04:00,RESOLVED
795,7732,MISSING_ITEM,2026-03-09 11:22:00,OPEN
796,7741,PAYMENT_ISSUE,2026-03-10 00:45:00,OPEN
797,7754,MISSING_ITEM,2026-03-09 15:05:00,RESOLVED
798,7755,PAYMENT_ISSUE,2026-03-09 16:04:00,OPEN
799,7767,DELAY,2026-03-09 16:27:00,RESOLVED
800,7769,DELAY,2026-03-09 19:32:00,RESOLVED
801,7793,PAYMENT_ISSUE,2026-03-09 23:27:00,RESOLVED
802,7801,PAYMENT_ISSUE,2026-03-10 00:31:00,RESOLVED
803,7807,WRONG_ORDER,2026-03-09 20:08:00,RESOLVED
804,7813,WRONG_ORDER,2026-03-09 12:57:00,RESOLVED
805,7826,WRONG_ORDER,2026-03-10 00:52:00,RESOLVED
806,7836,DELAY,2026-03-09 13:31:00,OPEN
807,7841,PAYMENT_ISSUE,2026-03-09 17:59:00,RESOLVED
808,7843,PAYMENT_ISSUE,2026-03-09 21:31:00,RESOLVED
809,7849,DELAY,2026-03-09 14:31:00,RESOLVED
810,7855,MISSING_ITEM,2026-03-09 23:06:00,OPEN
811,7866,MISSING_ITEM,2026-03-09 21:29:00,OPEN
812,7872,DELAY,2026-03-09 17:06:00,RESOLVED
813,7873,MISSING_ITEM,2026-03-09 22:52:00,OPEN
814,7874,MISSING_ITEM,2026-03-09 11:36:00,OPEN
815,7879,MISSING_ITEM,2026-03-10 01:39:00,OPEN
816,7898,MISSING_ITEM,2026-03-10 09:55:00,OPEN
817,7910,PAYMENT_ISSUE,2026-03-11 00:24:00,OPEN
818,7912,PAYMENT_ISSUE,2026-03-10 23:44:00,OPEN
819,7913,PAYMENT_ISSUE,2026-03-10 15:26:00,OPEN
820,7914,PAYMENT_ISSUE,2026-03-10 09:12:00,RESOLVED
821,7918,DELAY,2026-03-10 10:48:00,OPEN
822,7930,PAYMENT_ISSUE,2026-03-10 09:54:00,OPEN
823,7942,WRONG_ORDER,2026-03-10 21:24:00,RESOLVED
824,7947,WRONG_ORDER,2026-03-10 10:21:00,OPEN
825,7964,WRONG_ORDER,2026-03-10 11:20:00,OPEN
826,7986,DELAY,2026-03-10 16:02:00,RESOLVED
827,7988,DELAY,2026-03-10 12:51:00,RESOLVED
828,8006,DELAY,2026-03-10 22:18:00,RESOLVED
829,8016,PAYMENT_ISSUE,2026-03-10 10:32:00,RESOLVED
830,8045,DELAY,2026-03-11 16:39:00,OPEN
831,8061,MISSING_ITEM,2026-03-11 10:45:00,OPEN
832,8066,PAYMENT_ISSUE,2026-03-11 12:02:00,OPEN
833,8073,DELAY,2026-03-11 11:21:00,RESOLVED
834,8088,PAYMENT_ISSUE,2026-03-11 11:55:00,OPEN
835,8100,WRONG_ORDER,2026-03-12 00:09:00,OPEN
836,8106,PAYMENT_ISSUE,2026-03-11 22:23:00,OPEN
837,8107,PAYMENT_ISSUE,2026-03-11 15:25:00,OPEN
838,8119,MISSING_ITEM,2026-03-11 17:20:00,RESOLVED
839,8130,MISSING_ITEM,2026-03-11 14:45:00,RESOLVED
840,8132,MISSING_ITEM,2026-03-11 15:55:00,RESOLVED
841,8148,WRONG_ORDER,2026-03-12 22:50:00,RESOLVED
842,8153,WRONG_ORDER,2026-03-12 10:16:00,OPEN
843,8157,WRONG_ORDER,2026-03-12 20:52:00,RESOLVED
844,8165,DELAY,2026-03-12 21:05:00,RESOLVED
845,8180,PAYMENT_ISSUE,2026-03-12 15:00:00,RESOLVED
846,8182,WRONG_ORDER,2026-03-12 16:52:00,OPEN
847,8216,MISSING_ITEM,2026-03-12 13:21:00,OPEN
848,8217,WRONG_ORDER,2026-03-12 19:15:00,OPEN
849,8222,MISSING_ITEM,2026-03-12 19:15:00,OPEN
850,8224,PAYMENT_ISSUE,2026-03-12 23:17:00,RESOLVED
851,8233,PAYMENT_ISSUE,2026-03-12 13:54:00,RESOLVED
852,8238,MISSING_ITEM,2026-03-12 15:39:00,OPEN
853,8250,DELAY,2026-03-12 18:41:00,OPEN
854,8252,WRONG_ORDER,2026-03-12 23:30:00,RESOLVED
855,8263,PAYMENT_ISSUE,2026-03-12 21:40:00,RESOLVED
856,8264,MISSING_ITEM,2026-03-12 19:58:00,RESOLVED
857,8272,PAYMENT_ISSUE,2026-03-12 23:44:00,RESOLVED
858,8273,PAYMENT_ISSUE,2026-03-12 20:59:00,OPEN
859,8275,WRONG_ORDER,2026-03-12 15:52:00,OPEN
860,8287,PAYMENT_ISSUE,2026-03-12 13:20:00,OPEN
861,8293,MISSING_ITEM,2026-03-12 22:34:00,RESOLVED
862,8311,MISSING_ITEM,2026-03-13 22:04:00,OPEN
863,8320,PAYMENT_ISSUE,2026-03-13 23:20:00,RESOLVED
864,8328,PAYMENT_ISSUE,2026-03-13 11:45:00,RESOLVED
865,8334,PAYMENT_ISSUE,2026-03-13 12:06:00,OPEN
866,8361,MISSING_ITEM,2026-03-13 15:37:00,RESOLVED
867,8365,MISSING_ITEM,2026-03-13 21:03:00,RESOLVED
868,8381,DELAY,2026-03-13 20:36:00,RESOLVED
869,8399,MISSING_ITEM,2026-03-13 21:05:00,RESOLVED
870,8404,PAYMENT_ISSUE,2026-03-13 19:06:00,OPEN
871,8430,PAYMENT_ISSUE,2026-03-13 21:35:00,OPEN
872,8439,WRONG_ORDER,2026-03-13 16:21:00,RESOLVED
873,8440,WRONG_ORDER,2026-03-13 17:47:00,RESOLVED
874,8444,DELAY,2026-03-13 20:19:00,OPEN
875,8450,DELAY,2026-03-13 19:43:00,OPEN
876,8458,MISSING_ITEM,2026-03-13 17:33:00,RESOLVED
877,8463,DELAY,2026-03-14 01:43:00,OPEN
878,8464,WRONG_ORDER,2026-03-13 10:59:00,RESOLVED
879,8475,PAYMENT_ISSUE,2026-03-14 01:11:00,OPEN
880,8478,MISSING_ITEM,2026-03-13 17:05:00,OPEN
881,8479,DELAY,2026-03-13 21:49:00,OPEN
882,8491,DELAY,2026-03-13 13:07:00,RESOLVED
883,8494,DELAY,2026-03-13 18:39:00,RESOLVED
884,8498,WRONG_ORDER,2026-03-13 09:23:00,RESOLVED
885,8513,WRONG_ORDER,2026-03-14 12:45:00,OPEN
886,8570,DELAY,2026-03-14 09:50:00,OPEN
887,8586,WRONG_ORDER,2026-03-14 14:11:00,RESOLVED
888,8590,MISSING_ITEM,2026-03-14 10:37:00,RESOLVED
889,8592,MISSING_ITEM,2026-03-14 22:50:00,OPEN
890,8593,MISSING_ITEM,2026-03-15 00:00:00,OPEN
891,8594,WRONG_ORDER,2026-03-14 19:37:00,RESOLVED
892,8603,WRONG_ORDER,2026-03-14 21:05:00,RESOLVED
893,8614,MISSING_ITEM,2026-03-14 17:49:00,RESOLVED
894,8632,MISSING_ITEM,2026-03-14 16:52:00,RESOLVED
895,8646,PAYMENT_ISSUE,2026-03-15 17:11:00,OPEN
896,8672,DELAY,2026-03-15 23:20:00,RESOLVED
897,8675,WRONG_ORDER,2026-03-15 23:43:00,OPEN
898,8679,MISSING_ITEM,2026-03-15 12:42:00,OPEN
899,8681,WRONG_ORDER,2026-03-15 10:52:00,RESOLVED
900,8684,MISSING_ITEM,2026-03-15 12:41:00,RESOLVED
901,8685,MISSING_ITEM,2026-03-15 10:00:00,RESOLVED
902,8697,DELAY,2026-03-15 22:54:00,RESOLVED
903,8712,DELAY,2026-03-15 17:00:00,RESOLVED
904,8719,PAYMENT_ISSUE,2026-03-15 17:33:00,RESOLVED
905,8731,MISSING_ITEM,2026-03-15 10:07:00,OPEN
906,8737,MISSING_ITEM,2026-03-15 10:53:00,RESOLVED
907,8759,WRONG_ORDER,2026-03-15 12:08:00,RESOLVED
908,8766,MISSING_ITEM,2026-03-15 11:26:00,OPEN
909,8808,PAYMENT_ISSUE,2026-03-16 20:43:00,RESOLVED
910,8810,PAYMENT_ISSUE,2026-03-16 11:58:00,OPEN
911,8824,DELAY,2026-03-16 11:01:00,OPEN
912,8852,PAYMENT_ISSUE,2026-03-16 09:21:00,OPEN
913,8854,WRONG_ORDER,2026-03-16 12:58:00,RESOLVED
914,8861,DELAY,2026-03-16 22:22:00,OPEN
915,8891,MISSING_ITEM,2026-03-16 15:42:00,OPEN
916,8892,WRONG_ORDER,2026-03-16 20:50:00,OPEN
917,8909,PAYMENT_ISSUE,2026-03-17 00:46:00,OPEN
918,8923,WRONG_ORDER,2026-03-16 16:48:00,RESOLVED
919,8942,DELAY,2026-03-17 20:17:00,OPEN
920,8948,MISSING_ITEM,2026-03-17 17:29:00,RESOLVED
921,8956,WRONG_ORDER,2026-03-17 20:54:00,OPEN
922,8957,DELAY,2026-03-17 13:49:00,RESOLVED
923,8959,MISSING_ITEM,2026-03-17 13:35:00,OPEN
924,8967,DELAY,2026-03-17 12:40:00,RESOLVED
925,8970,DELAY,2026-03-17 21:39:00,OPEN
926,8976,WRONG_ORDER,2026-03-17 15:14:00,OPEN
927,8991,PAYMENT_ISSUE,2026-03-17 23:47:00,OPEN
928,8993,WRONG_ORDER,2026-03-17 16:50:00,RESOLVED
929,9041,MISSING_ITEM,2026-03-17 22:41:00,RESOLVED
930,9045,PAYMENT_ISSUE,2026-03-17 18:20:00,OPEN
931,9052,WRONG_ORDER,2026-03-17 14:29:00,OPEN
932,9064,WRONG_ORDER,2026-03-17 20:08:00,OPEN
933,9070,MISSING_ITEM,2026-03-17 15:39:00,RESOLVED
934,9105,WRONG_ORDER,2026-03-17 20:52:00,RESOLVED
935,9114,DELAY,2026-03-18 15:01:00,RESOLVED
936,9118,MISSING_ITEM,2026-03-18 13:55:00,RESOLVED
937,9126,WRONG_ORDER,2026-03-19 00:06:00,OPEN
938,9131,WRONG_ORDER,2026-03-18 20:21:00,RESOLVED
939,9134,PAYMENT_ISSUE,2026-03-18 09:54:00,RESOLVED
940,9150,DELAY,2026-03-18 13:53:00,RESOLVED
941,9177,DELAY,2026-03-18 12:55:00,RESOLVED
942,9191,PAYMENT_ISSUE,2026-03-18 21:18:00,RESOLVED
943,9199,PAYMENT_ISSUE,2026-03-18 17:09:00,OPEN
944,9200,WRONG_ORDER,2026-03-18 11:19:00,RESOLVED
945,9208,WRONG_ORDER,2026-03-18 18:21:00,OPEN
946,9220,WRONG_ORDER,2026-03-18 17:25:00,OPEN
947,9228,PAYMENT_ISSUE,2026-03-18 22:06:00,RESOLVED
948,9237,PAYMENT_ISSUE,2026-03-18 14:42:00,OPEN
949,9259,PAYMENT_ISSUE,2026-03-18 16:37:00,OPEN
950,9277,DELAY,2026-03-19 00:15:00,RESOLVED
951,9279,DELAY,2026-03-18 14:54:00,RESOLVED
952,9306,PAYMENT_ISSUE,2026-03-18 17:50:00,RESOLVED
953,9318,MISSING_ITEM,2026-03-18 13:17:00,OPEN
954,9331,WRONG_ORDER,2026-03-19 13:11:00,RESOLVED
955,9346,WRONG_ORDER,2026-03-19 20:25:00,OPEN
956,9353,WRONG_ORDER,2026-03-19 20:37:00,RESOLVED
957,9357,MISSING_ITEM,2026-03-19 14:57:00,RESOLVED
958,9396,DELAY,2026-03-19 11:17:00,OPEN
959,9404,WRONG_ORDER,2026-03-19 19:36:00,RESOLVED
960,9420,PAYMENT_ISSUE,2026-03-19 08:56:00,RESOLVED
961,9433,DELAY,2026-03-19 23:11:00,RESOLVED
962,9452,MISSING_ITEM,2026-03-19 19:11:00,RESOLVED
963,9457,WRONG_ORDER,2026-03-19 16:57:00,OPEN
964,9463,WRONG_ORDER,2026-03-19 12:27:00,RESOLVED
965,9504,PAYMENT_ISSUE,2026-03-19 20:02:00,OPEN
966,9522,MISSING_ITEM,2026-03-19 17:18:00,RESOLVED
967,9550,MISSING_ITEM,2026-03-20 20:19:00,OPEN
968,9570,PAYMENT_ISSUE,2026-03-20 17:40:00,OPEN
969,9572,DELAY,2026-03-20 20:16:00,OPEN
970,9574,PAYMENT_ISSUE,2026-03-20 14:24:00,RESOLVED
971,9575,DELAY,2026-03-20 19:23:00,OPEN
972,9596,DELAY,2026-03-20 14:36:00,OPEN
973,9599,PAYMENT_ISSUE,2026-03-20 15:45:00,RESOLVED
974,9609,PAYMENT_ISSUE,2026-03-20 11:54:00,OPEN
975,9618,PAYMENT_ISSUE,2026-03-20 14:44:00,RESOLVED
976,9625,DELAY,2026-03-21 00:42:00,RESOLVED
977,9627,DELAY,2026-03-20 10:49:00,RESOLVED
978,9633,MISSING_ITEM,2026-03-20 21:16:00,OPEN
979,9647,DELAY,2026-03-20 19:11:00,OPEN
980,9653,MISSING_ITEM,2026-03-20 13:23:00,OPEN
981,9674,DELAY,2026-03-20 17:52:00,OPEN
982,9697,MISSING_ITEM,2026-03-20 13:09:00,RESOLVED
983,9705,PAYMENT_ISSUE,2026-03-20 11:02:00,RESOLVED
984,9715,DELAY,2026-03-20 12:42:00,OPEN
985,9719,PAYMENT_ISSUE,2026-03-20 13:04:00,RESOLVED
986,9722,MISSING_ITEM,2026-03-21 18:32:00,RESOLVED
987,9724,WRONG_ORDER,2026-03-21 09:39:00,RESOLVED
988,9729,MISSING_ITEM,2026-03-21 17:43:00,OPEN
989,9788,MISSING_ITEM,2026-03-22 00:09:00,RESOLVED
990,9790,MISSING_ITEM,2026-03-21 22:25:00,OPEN
991,9796,MISSING_ITEM,2026-03-21 20:46:00,OPEN
992,9802,DELAY,2026-03-22 00:36:00,RESOLVED
993,9809,DELAY,2026-03-21 20:08:00,RESOLVED
994,9812,MISSING_ITEM,2026-03-21 12:08:00,RESOLVED
995,9821,PAYMENT_ISSUE,2026-03-21 17:59:00,OPEN
996,9842,MISSING_ITEM,2026-03-21 09:43:00,RESOLVED
997,9880,WRONG_ORDER,2026-03-22 16:31:00,RESOLVED
998,9885,PAYMENT_ISSUE,2026-03-22 17:21:00,RESOLVED
999,9905,DELAY,2026-03-22 20:04:00,OPEN
1000,9942,WRONG_ORDER,2026-03-23 00:04:00,OPEN
1001,9952,WRONG_ORDER,2026-03-22 20:39:00,OPEN
1002,9973,MISSING_ITEM,2026-03-22 12:44:00,RESOLVED
1003,9984,DELAY,2026-03-22 22:46:00,RESOLVED
1004,10002,DELAY,2026-03-23 18:27:00,OPEN
1005,10005,DELAY,2026-03-23 18:00:00,RESOLVED
1006,10006,DELAY,2026-03-23 19:09:00,RESOLVED
1007,10009,DELAY,2026-03-23 12:54:00,RESOLVED
1008,10013,PAYMENT_ISSUE,2026-03-23 21:51:00,OPEN
1009,10020,DELAY,2026-03-23 20:30:00,RESOLVED
1010,10038,WRONG_ORDER,2026-03-23 09:38:00,RESOLVED
1011,10057,WRONG_ORDER,2026-03-23 21:28:00,OPEN
1012,10059,PAYMENT_ISSUE,2026-03-23 09:10:00,OPEN
1013,10061,DELAY,2026-03-23 18:08:00,OPEN
1014,10062,DELAY,2026-03-23 19:44:00,OPEN
1015,10068,WRONG_ORDER,2026-03-23 15:08:00,OPEN
1016,10103,MISSING_ITEM,2026-03-23 11:47:00,OPEN
1017,10105,MISSING_ITEM,2026-03-23 10:26:00,OPEN
1018,10140,PAYMENT_ISSUE,2026-03-23 19:15:00,RESOLVED
1019,10163,DELAY,2026-03-23 21:59:00,OPEN
1020,10166,PAYMENT_ISSUE,2026-03-23 17:41:00,OPEN
1021,10167,MISSING_ITEM,2026-03-24 00:40:00,OPEN
1022,10173,PAYMENT_ISSUE,2026-03-23 22:42:00,RESOLVED
1023,10185,WRONG_ORDER,2026-03-23 23:11:00,RESOLVED
1024,10189,MISSING_ITEM,2026-03-23 21:36:00,RESOLVED
1025,10191,PAYMENT_ISSUE,2026-03-24 11:09:00,RESOLVED
1026,10207,WRONG_ORDER,2026-03-24 10:44:00,OPEN
1027,10217,WRONG_ORDER,2026-03-24 14:39:00,RESOLVED
1028,10219,PAYMENT_ISSUE,2026-03-24 22:57:00,RESOLVED
1029,10225,WRONG_ORDER,2026-03-24 10:35:00,OPEN
1030,10226,DELAY,2026-03-24 12:09:00,OPEN
1031,10228,PAYMENT_ISSUE,2026-03-24 10:07:00,RESOLVED
1032,10230,PAYMENT_ISSUE,2026-03-24 10:53:00,RESOLVED
1033,10237,MISSING_ITEM,2026-03-24 13:07:00,OPEN
1034,10238,MISSING_ITEM,2026-03-24 18:52:00,RESOLVED
1035,10247,PAYMENT_ISSUE,2026-03-24 17:55:00,RESOLVED
1036,10248,DELAY,2026-03-24 17:50:00,RESOLVED
1037,10252,MISSING_ITEM,2026-03-24 12:07:00,OPEN
1038,10268,PAYMENT_ISSUE,2026-03-24 21:06:00,RESOLVED
1039,10270,MISSING_ITEM,2026-03-24 13:09:00,RESOLVED
1040,10284,MISSING_ITEM,2026-03-24 15:54:00,RESOLVED
1041,10310,MISSING_ITEM,2026-03-24 11:13:00,OPEN
